Frame,X1,Y1,Flag1,X2,Y2,Flag2,X3,Y3,Flag3,X4,Y4,Flag4,X5,Y5,Flag5,X6,Y6,Flag6,X7,Y7,Flag7,X8,Y8,Flag8,X9,Y9,Flag9,X10,Y10,Flag10,X11,Y11,Flag11,X12,Y12,Flag12,X13,Y13,Flag13,X14,Y14,Flag14,X15,Y15,Flag15,X16,Y16,Flag16,X17,Y17,Flag17,X18,Y18,Flag18,X19,Y19,Flag19,X20,Y20,Flag20,X21,Y21,Flag21,X22,Y22,Flag22,X23,Y23,Flag23,X24,Y24,Flag24,X25,Y25,Flag25,X26,Y26,Flag26,X27,Y27,Flag27,X28,Y28,Flag28,X29,Y29,Flag29,X30,Y30,Flag30,X31,Y31,Flag31,X32,Y32,Flag32,X33,Y33,Flag33,X34,Y34,Flag34,X35,Y35,Flag35,X36,Y36,Flag36,X37,Y37,Flag37,X38,Y38,Flag38,X39,Y39,Flag39,X40,Y40,Flag40,X41,Y41,Flag41,X42,Y42,Flag42
Tracks 1 to 42
1,796.7105,87.81579, ,106.166664,95.05556, ,1257.6578,100.552635, ,1438.125,103.75, ,698.25,124.833336, ,1391.8334,194.625, ,412.03125,199.25, ,1161.1,206.5, ,1055.5,261.16666, ,1155.0555,313.80554, ,1024.2354,320.5, ,559.56665,562.06665, ,362.64633,563.2805, ,1021.85614,759.66437, ,781.3182,768.0, ,1142.5,932.5, , , , , , , , , , , , , , , , , , , , , , , , , , , , , , , , , , , , , , , , , , , , , , , , , , , , , , , , , , , , , , , , , , , , , , , , , , , , , , , 
2,793.00525,90.2579, ,106.375,95.375, ,1257.3572,101.11905, ,1438.3889,104.27778, ,699.0,125.28571, ,1389.6305,189.67392, ,412.96875,198.1875, ,1160.8334,206.94444, ,1051.8715,261.24286, ,1154.0264,311.9737, ,1024.8529,319.08823, ,566.5,564.5, ,364.31396,559.47675, ,1024.3096,764.0873, ,781.63043,765.23914, ,1146.7084,928.5, ,772.15216,244.06522, , , , , , , , , , , , , , , , , , , , , , , , , , , , , , , , , , , , , , , , , , , , , , , , , , , , , , , , , , , , , , , , , , , , , , , , , , , , 
3,795.47644,88.194115, ,106.388885,95.166664, ,1257.2894,100.81579, ,1438.2,103.8, ,699.88464,125.11539, ,1390.7609,186.54347, ,419.1875,195.6875, ,1161.25,206.125, ,1047.5,255.16667, ,1150.3182,306.5, ,1027.125,321.34375, ,564.7222,561.5, ,367.8158,555.7632, ,1024.7931,764.31036, ,780.2826,765.0217, ,1150.9073,935.7593, ,772.0405,243.2027, ,485.0,474.0, , , , , , , , , , , , , , , , , , , , , , , , , , , , , , , , , , , , , , , , , , , , , , , , , , , , , , , , , , , , , , , , , , , , , , , , , 
4,794.9889,88.14445, ,106.166664,95.388885, ,1257.65,100.8, ,1438.125,103.75, ,696.3125,119.6875, ,1397.34,186.5, ,421.55884,196.76471, ,1161.0834,206.08333, ,1054.7285,256.7857, ,1142.9872,309.2436, ,1022.19696,316.80304, ,563.7593,560.7222, ,365.925,555.025, ,1026.5588,764.7794, ,786.3333,759.9167, ,1150.8462,933.8461, ,771.86584,242.37805, ,485.5,468.17856, , , , , , , , , , , , , , , , , , , , , , , , , , , , , , , , , , , , , , , , , , , , , , , , , , , , , , , , , , , , , , , , , , , , , , , , , 
5,795.5128,85.871796, ,106.166664,95.388885, ,1257.5454,100.90909, ,1438.1666,103.94444, ,701.6875,117.0, ,1394.94,181.58, ,416.58823,194.47058, ,1161.2693,206.73077, ,1053.5857,259.95715, ,1146.7222,309.66666, ,1015.92426,314.5606, ,564.4286,561.3929, ,370.775,553.95, ,1029.75,763.5333, ,782.3077,757.7692, ,1154.875,929.6667, ,772.0714,239.92857, ,481.5,468.9643, , , , , , , , , , , , , , , , , , , , , , , , , , , , , , , , , , , , , , , , , , , , , , , , , , , , , , , , , , , , , , , , , , , , , , , , , 
6,797.2083,87.583336,*,106.35714,95.21429, ,1257.5,100.5, ,1438.3182,103.954544, ,693.9286,111.42857, ,1397.1666,184.375, ,418.32858,190.47144, ,1160.9445,205.72223, ,1050.7307,259.1154, ,1142.0,311.0, ,1017.4143,319.35715, ,563.8571,556.5357, ,366.63043,558.26086, ,1034.9462,762.54614, ,783.60345,766.12067, ,1152.34,925.66, ,772.4375,241.875, ,480.0,469.7143, , , , , , , , , , , , , , , , , , , , , , , , , , , , , , , , , , , , , , , , , , , , , , , , , , , , , , , , , , , , , , , , , , , , , , , , , 
7,795.21796,82.69231,*,106.75,95.5, ,1257.125,100.791664, ,1438.3,104.1, ,692.36664,112.96667, ,1399.8334,184.625, ,420.0,185.40625, ,1161.409,206.86363, ,1054.2028,263.5, ,1140.6613,311.8871, ,1012.82355,319.20587, ,571.4231,559.53845, ,364.26086,558.3913, ,1034.2142,763.0714, ,784.60345,766.6724, ,1151.5714,924.4286, ,771.5,244.63792, ,480.77585,463.05173, , , , , , , , , , , , , , , , , , , , , , , , , , , , , , , , , , , , , , , , , , , , , , , , , , , , , , , , , , , , , , , , , , , , , , , , , 
8,797.3823,87.73529,*,106.64286,94.78571, ,1257.4546,100.63636, ,1438.1666,103.611115, ,687.87836,108.689186, ,1398.2084,182.54167, ,421.3,183.58571, ,1160.8846,205.96153, ,1055.1389,259.5, ,1139.0312,310.15625, ,1009.2353,315.70587, ,567.2241,555.6724, ,355.57693,556.25, ,1028.8877,755.4184, ,787.9783,764.36957, ,1155.54,916.58, ,771.8137,242.59804, ,482.7069,462.5345, , , , , , , , , , , , , , , , , , , , , , , , , , , , , , , , , , , , , , , , , , , , , , , , , , , , , , , , , , , , , , , , , , , , , , , , , 
9,796.881,88.45238, ,106.166664,95.388885, ,1257.4584,100.875, ,1437.9445,103.833336, ,690.1279,105.98837, ,1402.2826,178.36957, ,421.32858,179.47144, ,1161.1666,205.94444, ,1050.2693,254.96153, ,1143.0,307.79413, ,1014.80304,312.34848, ,567.9194,553.4355, ,355.2736,555.6321, ,1029.6212,756.24243, ,790.2308,760.8461, ,1150.3928,916.3214, ,772.41174,242.88235, ,481.7414,458.05173, , , , , , , , , , , , , , , , , , , , , , , , , , , , , , , , , , , , , , , , , , , , , , , , , , , , , , , , , , , , , , , , , , , , , , , , , 
10,795.6,88.55, ,107.0,95.5, ,1257.5,100.98, ,1438.0834,104.25, ,685.0686,101.28432, ,1397.7307,182.1923, ,421.0,177.1842, ,1160.8334,206.16667, ,1053.4269,256.47562, ,1145.242,308.75806, ,1014.58826,312.47058, ,564.7,547.3333, ,353.9,557.9889, ,1028.2847,757.2846, ,795.3889,753.64813, ,1152.2273,914.8182, ,772.17645,244.14706, ,475.39655,460.63794, ,667.1667,200.83333, , , , , , , , , , , , , , , , , , , , , , , , , , , , , , , , , , , , , , , , , , , , , , , , , , , , , , , , , , , , , , , , , , , , , , 
11,797.3889,87.77778, ,106.86364,94.681816, ,1257.6818,100.59091, ,1438.1666,103.611115, ,688.2143,101.59524, ,1391.1957,175.28261, ,427.04053,181.28378, ,1161.1666,205.94444, ,1046.8889,254.63889, ,1143.0186,312.16666, ,1013.1667,318.22223, ,566.5,543.5, ,354.52438,555.6951, ,1025.6406,755.1875, ,799.9,751.2, ,1154.5,915.46295, ,771.22095,242.54651, ,478.0926,458.42593, ,666.625,199.125, ,852.35297,248.26471, , , , , , , , , , , , , , , , , , , , , , , , , , , , , , , , , , , , , , , , , , , , , , , , , , , , , , , , , , , , , , , , , , , 
12,796.43335,88.3, ,106.5,95.5, ,1256.2241,100.74138, ,1438.3889,104.27778, ,690.2838,101.33784, ,1388.9,178.3, ,426.44116,182.26471, ,1160.8846,206.26923, ,1047.4736,249.47368, ,1141.6666,307.56668, ,1010.32355,314.61765, ,568.0333,538.8, ,348.07446,556.94684, ,1029.839,756.4322, ,799.7273,749.7727, ,1155.2778,918.5741, ,772.2143,243.42857, ,477.07144,455.32144, ,666.8333,198.75, ,856.2778,248.05556, ,1030.1,365.15714, , , , , , , , , , , , , , , , , , , , , , , , , , , , , , , , , , , , , , , , , , , , , , , , , , , , , , , , , , , , , , , , 
13,796.55554,88.44444, ,106.5,95.5, ,1257.18,100.66, ,1438.0454,103.681816, ,685.1445,103.12222, ,1387.1875,181.875, ,428.19446,183.77777, ,1161.1666,206.05556, ,1047.625,244.15, ,1140.4117,311.97058, ,1012.1389,314.8889, ,570.4259,538.05554, ,348.17392,562.4783, ,1036.15,752.2167, ,802.5833,748.5833, ,1148.5,919.0, ,772.25,244.0, ,485.77585,450.56897, ,666.4167,199.16667, ,850.5278,251.61111, ,1027.5,362.1216, , , , , , , , , , , , , , , , , , , , , , , , , , , , , , , , , , , , , , , , , , , , , , , , , , , , , , , , , , , , , , , , 
14,796.32355,88.55882,*,106.7,95.5, ,1257.3695,100.45652, ,1438.125,103.75, ,681.3837,104.75581, ,1387.6818,178.77272, ,428.92856,174.41429, ,1161.375,206.375, ,1043.6395,240.26744, ,1137.5,309.875, ,1014.9706,315.2647, ,568.8871,537.5645, ,346.03488,558.56976, ,1035.6957,751.56525, ,809.6818,746.1818, ,1151.5714,922.6071, ,772.0769,242.65384, ,479.13333,443.86667, ,666.86365,198.22728, ,848.77026,254.36487, ,1025.8334,359.8889, , , , , , , , , , , , , , , , , , , , , , , , , , , , , , , , , , , , , , , , , , , , , , , , , , , , , , , , , , , , , , , , 
15,796.1667,88.76667,*,106.7,95.5, ,1256.5358,100.96429, ,1438.0834,104.25, ,679.9792,105.583336, ,1383.4231,177.26923, ,428.8611,171.25, ,1161.0,207.0, ,1046.9872,242.26923, ,1144.1708,305.43903,*,1014.8939,317.98486, ,569.79034,536.371, ,340.05264,556.6053, ,1034.822,756.7373, ,808.85297,738.32355, ,1150.6482,921.6852, ,772.5222,243.12222, ,481.62903,444.62903, ,665.75,198.5, ,847.45,257.125, ,1022.12164,358.25674, ,441.38235,514.08826, ,480.92856,606.3214,*, , , , , , , , , , , , , , , , , , , , , , , , , , , , , , , , , , , , , , , , , , , , , , , , , , , , , , , , , 
16,796.875,87.875, ,106.5,94.833336, ,1257.5,100.804344, ,1438.1666,103.611115, ,681.4545,108.181816, ,1390.7142,176.5, ,432.05554,169.36111, ,1161.1364,206.59091, ,1047.9166,243.44444, ,1150.803,302.31818, ,1010.7727,310.13635, ,566.3,537.93335, ,337.5,560.5, ,1038.1615,756.5923, ,812.9483,736.15515, ,1158.9546,917.5909, ,772.58,243.3, ,483.13333,447.13333, ,666.5,198.91667, ,843.7973,256.5, ,1021.0278,354.66666, ,442.22223,515.8889, ,475.81033,613.2931, ,1306.9117,1012.2647, , , , , , , , , , , , , , , , , , , , , , , , , , , , , , , , , , , , , , , , , , , , , , , , , , , , , , , 
17,796.36664,88.9, ,106.375,95.375, ,1256.8462,100.5, ,1438.0,103.5, ,683.68604,107.26744, ,1388.65,176.9, ,437.64285,173.5, ,1161.1364,206.13637, ,1047.5,243.0, ,1151.5,297.7647, ,1019.1875,305.03125, ,564.125,534.65625, ,337.9222,563.8333, ,1035.9464,757.8214, ,810.6786,738.2857, ,1156.82,922.06, ,772.22095,242.43024, ,484.56897,448.05173, ,666.8,198.1, ,846.2027,251.77026, ,1017.8333,346.14102, ,443.2143,515.0, ,477.3889,614.7222, ,1301.2646,1015.7353, , , , , , , , , , , , , , , , , , , , , , , , , , , , , , , , , , , , , , , , , , , , , , , , , , , , , , , 
18,796.7,88.23333,*,106.611115,95.388885, ,1256.7122,100.86364, ,1438.3,104.1, ,690.95654,107.36957, ,1397.3422,173.97368, ,438.2647,173.70589, ,1161.1,206.2, ,1051.1666,241.98718, ,1146.9242,296.68182, ,1017.79034,296.98386, ,564.75806,535.4355, ,336.32608,565.0, ,1034.9286,756.51587, ,810.6786,736.2857, ,1157.4375,918.75, ,772.1579,242.52632, ,484.8,449.76666, ,665.9375,199.75, ,844.37805,242.42683, ,1011.41895,345.4189, ,443.875,513.8333, ,475.13333,613.86664, ,1296.6177,1012.91174, , , , , , , , , , , , , , , , , , , , , , , , , , , , , , , , , , , , , , , , , , , , , , , , , , , , , , , 
19,796.6667,88.75, ,106.833336,95.166664, ,1256.5,100.066666, ,1438.1666,103.611115, ,694.92554,107.26596, ,1400.2693,172.65384, ,437.47223,170.19444, ,1161.2142,206.35715, ,1049.4474,243.89473, ,1146.5,291.91177, ,1019.13635,301.16666, ,565.7759,530.63794, ,338.74,564.92, ,1033.0522,752.9627, ,811.4655,734.2931, ,1156.8572,916.6429, ,771.66394,242.31967, ,482.9643,449.5, ,667.3571,198.21428, ,845.619,248.16667, ,1014.8684,344.28946, ,446.77274,512.63635, ,478.35184,616.35187, ,1297.0,1005.2778, ,977.0645,410.9355, , , , , , , , , , , , , , , , , , , , , , , , , , , , , , , , , , , , , , , , , , , , , , , , , , , , 
20,796.14703,87.67647, ,106.7,95.5, ,1256.7858,100.67857, ,1438.2,103.8, ,693.9375,102.3125, ,1400.1471,171.97058, ,438.91666,171.66667, ,1161.1666,206.33333, ,1053.9872,242.44872, ,1149.2778,285.72223, ,1014.13635,302.77274, ,564.2241,530.9138, ,329.1,565.2714, ,1033.2963,752.8333, ,806.8333,736.43335, ,1153.8334,912.64813, ,772.2414,243.74138, ,489.8871,445.24194, ,667.3125,200.0625, ,847.7162,241.12163, ,1008.0143,343.44287, ,442.0,518.0, ,482.92856,614.3214, ,1296.5,1000.7105, ,976.9237,407.97458, , , , , , , , , , , , , , , , , , , , , , , , , , , , , , , , , , , , , , , , , , , , , , , , , , , , 
21,797.0625,86.875, ,106.388885,95.27778, ,1257.3334,100.75, ,1438.3182,103.954544, ,688.9792,100.479164, ,1400.5,174.0, ,438.63513,167.66216, ,1161.0,206.0, ,1058.8784,235.14865, ,1153.3055,284.58334, ,1021.0,299.20587, ,561.569,530.87933, ,326.14285,564.9048, ,1036.8623,751.6449, ,805.76666,732.06665, ,1151.6852,908.2407, ,772.04285,242.72858, ,491.1129,449.75806, ,666.7857,199.07143, ,846.4459,235.44595, ,1016.19446,346.69446, ,436.83334,512.6852, ,480.19232,613.7308, ,1296.75,994.25, ,976.03705,405.68518, , , , , , , , , , , , , , , , , , , , , , , , , , , , , , , , , , , , , , , , , , , , , , , , , , , , 
22,796.3125,88.6875, ,106.375,95.375, ,1257.4565,100.71739, ,1438.3182,103.954544, ,689.94183,102.058136, ,1401.1316,170.97368, ,437.10526,166.02632, ,1161.3889,206.16667, ,1060.55,235.8, ,1152.6842,280.8158, ,1016.0135,300.04053, ,559.9667,527.2, ,324.83334,559.1042, ,1037.1809,752.0319, ,806.5333,732.4, ,1145.6923,911.3077, ,771.9231,242.48077, ,490.22415,448.8793, ,666.5,200.33333, ,848.8333,233.14102, ,1011.80304,338.07574, ,437.0,511.0, ,479.38,614.78, ,1297.079,996.3947, ,974.5893,404.01785, ,1295.4032,367.0484, , , , , , , , , , , , , , , , , , , , , , , , , , , , , , , , , , , , , , , , , , , , , , , , , 
23,797.25,88.916664, ,106.86364,95.40909, ,1257.3462,101.07692, ,1438.2273,104.22727, ,697.76086,103.26087, ,1398.6578,168.02632, ,442.93243,163.90541, ,1161.4166,206.66667, ,1065.4744,237.01282, ,1147.378,285.18292, ,1018.9545,298.07574, ,557.30646,528.0806, ,322.96155,559.60254, ,1040.8684,743.9035, ,803.35187,732.0926, ,1144.8914,904.413, ,771.7833,242.16667, ,490.5,451.96667, ,666.1667,199.1, ,843.7308,230.67949, ,1005.7222,341.55554, ,433.45,516.1, ,476.5,621.7692, ,1290.45,994.6, ,973.60345,405.44827, ,1293.8529,366.52942, , , , , , , , , , , , , , , , , , , , , , , , , , , , , , , , , , , , , , , , , , , , , , , , , 
24,796.4375,87.875, ,106.9,95.3, ,1257.6364,100.77273, ,1438.0,103.5, ,699.25,111.55, ,1399.0,165.75, ,446.33334,163.44444, ,1161.5,206.5, ,1064.2812,240.75, ,1147.1136,280.0, ,1023.3421,295.07895, ,557.6667,525.06665, ,327.23334,557.36664, ,1040.2885,737.5, ,805.4286,726.7857, ,1151.3667,909.4, ,772.65686,242.00981, ,493.3,448.93332, ,666.25,199.91667, ,842.0,234.0, ,1010.55554,343.41666, ,442.83334,514.375, ,476.26923,619.1923, ,1288.6904,996.5476, ,972.4836,402.5164, ,1290.85,369.575, , , , , , , , , , , , , , , , , , , , , , , , , , , , , , , , , , , , , , , , , , , , , , , , , 
25,796.5,88.125, ,106.7,95.5, ,1256.6428,100.78571, ,1438.25,104.083336, ,695.62195,108.79269, ,1402.5625,164.8125, ,444.8889,165.97223, ,1160.7858,206.5, ,1061.0555,245.13889, ,1149.1511,288.26746, ,1024.5605,294.83334, ,556.39655,529.9828, ,324.93182,554.9318, ,1039.6207,738.7414, ,806.7857,723.6071, ,1153.326,915.1957, ,771.46875,242.65625, ,492.14517,447.30646, ,667.0,200.5, ,837.525,231.825, ,1007.0789,345.55264, ,446.79166,514.0, ,472.5909,614.7727, ,1295.4445,1000.6111, ,974.7453,405.04718, ,1292.9138,367.9138, , , , , , , , , , , , , , , , , , , , , , , , , , , , , , , , , , , , , , , , , , , , , , , , , 
26,792.8099,83.52817,*,106.86364,95.40909, ,1257.5416,100.916664, ,1438.3182,103.954544, ,692.0854,107.96342, ,1397.6765,168.73529, ,447.63513,173.90541, ,1161.0,207.16667, ,1059.3975,245.5, ,1149.1578,290.07895, ,1021.96155,293.73077, ,555.2241,531.87933, ,327.0306,553.7449, ,1037.3154,733.9923, ,807.25,722.7143, ,1152.2097,917.24194, ,772.64703,243.29411, ,500.43332,442.26666, ,667.1,198.9, ,838.5526,228.60527, ,1000.7162,350.25674, ,450.22,509.02, ,471.98148,618.6111, ,1297.7778,999.3889, ,974.9918,410.2869, ,1293.6765,365.11765, , , , , , , , , , , , , , , , , , , , , , , , , , , , , , , , , , , , , , , , , , , , , , , , , 
27,795.5,88.0, ,106.916664,95.25, ,1257.7858,100.78571, ,1438.0454,103.681816, ,689.64636,105.939026, ,1394.75,172.95, ,454.3,170.98572, ,1161.5,206.3, ,1061.8549,241.17741, ,1153.6052,287.26315, ,1017.6842,291.3684, ,554.86664,532.86664, ,328.71622,552.9595, ,1044.85,730.8, ,807.25,720.7143, ,1148.2826,918.587, ,772.413,244.41304, ,505.39285,440.5, ,667.5,198.44118, ,842.3378,224.14865, ,1005.1842,343.55264, ,446.67856,505.10715, ,473.4394,623.8333, ,1299.3667,994.0333, ,973.4107,408.55356, ,1292.1177,367.08823, , , , , , , , , , , , , , , , , , , , , , , , , , , , , , , , , , , , , , , , , , , , , , , , , 
28,797.08826,88.382355, ,107.0,95.5, ,1257.1666,101.041664, ,1438.1364,104.40909, ,692.87836,102.63513, ,1395.7609,173.89131, ,457.1216,165.7973, ,1161.3,206.8, ,1061.3788,246.56061, ,1151.9324,287.04053, ,1023.6429,295.1, ,560.1129,528.75806, ,323.09375,551.0625, ,1050.138,726.069, ,806.6786,724.2857, ,1147.3182,921.0, ,771.7857,242.84694, ,510.1,437.76666, ,667.15,198.4, ,844.17566,220.98648, ,1008.30554,348.69446, ,448.9138,504.94827, ,478.80768,621.5769, ,1296.125,990.3125, ,978.4048,409.00793, ,1294.9117,367.91177, ,1254.0,371.46875, , , , , , , , , , , , , , , , , , , , , , , , , , , , , , , , , , , , , , , , , , , , , , 
29,795.8158,88.76316, ,106.8,95.3, ,1256.625,100.708336, ,1438.2,103.8, ,693.0714,99.809525, ,1401.5476,172.21428, ,456.41428,167.1, ,1161.5,206.5, ,1064.2273,241.80302, ,1152.4722,281.47223, ,1026.975,294.575, ,561.86664,525.86664, ,322.45557,550.1445, ,1047.0714,722.5635, ,801.3077,720.9231, ,1144.7727,920.9091, ,772.05316,242.84042, ,509.14517,436.6613, ,667.1111,199.16667, ,846.5,221.5, ,1009.1486,353.3919, ,445.0,503.5, ,478.94827,623.15515, ,1302.9667,993.8333, ,976.5484,407.17743, ,1297.0312,367.03125, ,1256.7759,369.22415, , , , , , , , , , , , , , , , , , , , , , , , , , , , , , , , , , , , , , , , , , , , , , 
30,797.1875,88.1875, ,106.5,95.3, ,1257.875,100.583336, ,1438.2,103.8, ,687.8415,103.84146, ,1398.8,177.1, ,461.71213,167.28787, ,1161.0,206.5, ,1068.8823,239.82353, ,1154.3572,273.8143, ,1020.0714,292.92856, ,559.4259,528.3148, ,321.73685,551.5263, ,1045.4,723.56665, ,797.56665,723.43335, ,1144.3182,921.0, ,771.68,242.4, ,510.32144,433.89285, ,667.7,197.83333, ,844.0641,214.75641, ,1009.9359,353.55127, ,440.1154,501.57693, ,479.15518,623.60345, ,1305.3334,996.5, ,975.83844,404.65384, ,1294.859,362.44873, ,1255.2407,374.7963, , , , , , , , , , , , , , , , , , , , , , , , , , , , , , , , , , , , , , , , , , , , , , 
31,796.6177,88.26471, ,106.86364,95.40909, ,1257.375,101.0, ,1438.3,104.4, ,686.1818,102.068184, ,1398.9762,177.59525, ,461.72223,167.61111, ,1161.4,206.6, ,1072.5555,238.61111, ,1156.4706,276.41177, ,1017.64703,294.0, ,561.5,531.0333, ,315.74243,550.1667, ,1047.2693,726.60767, ,801.569,724.9483, ,1144.6923,924.5, ,771.63464,243.59616, ,510.06668,439.7, ,667.0333,199.3, ,840.2714,208.64285, ,1012.45,356.925, ,439.60715,499.5, ,483.5,626.2778, ,1313.0454,993.7727, ,978.5441,405.35294, ,1298.8549,360.01614, ,1246.4375,374.5, ,754.0,974.0, , , , , , , , , , , , , , , , , , , , , , , , , , , , , , , , , , , , , , , , , , , 
32,796.8684,86.552635, ,106.611115,95.27778, ,1256.638,100.39655, ,1438.3,103.5, ,688.74445,104.477776, ,1406.0714,176.2619, ,462.5625,167.78125, ,1161.2778,206.38889, ,1072.9736,242.52632, ,1153.1945,273.94446, ,1020.61426,292.75714, ,558.9138,526.7759, ,319.0625,545.78125, ,1049.336,726.10657, ,805.8214,720.6786, ,1137.4744,922.4487, ,772.1042,243.08333, ,505.1129,437.75806, ,666.03845,198.65384, ,842.525,206.5, ,1012.0,356.0, ,439.0,500.7143, ,479.65625,625.875, ,1311.8334,998.43335, ,980.9035,403.67545, ,1298.125,357.28125, ,1246.4688,370.59375, ,750.3947,970.9737, , , , , , , , , , , , , , , , , , , , , , , , , , , , , , , , , , , , , , , , , , , 
33,796.6177,87.911766, ,106.681816,94.954544, ,1257.2391,100.5, ,1438.2,103.8, ,691.8409,103.954544, ,1405.3334,174.16667, ,455.92105,165.3421, ,1161.2142,206.5, ,1075.1389,244.0, ,1158.0625,269.90625, ,1020.0278,291.83334, ,560.13336,526.13336, ,316.9565,543.73914, ,1043.0385,727.05383, ,805.0185,717.12964, ,1136.9286,917.75, ,771.84045,242.07446, ,501.03333,441.8, ,666.7857,199.14285, ,840.85895,205.57692, ,1015.6622,354.77026, ,438.92856,500.67856, ,475.3889,624.2037, ,1307.5,999.3571, ,981.1667,403.7143, ,1299.9517,358.46774, ,1247.8549,372.5645, ,747.6053,973.0263, , , , , , , , , , , , , , , , , , , , , , , , , , , , , , , , , , , , , , , , , , , 
34,796.6667,87.77778, ,106.375,95.375, ,1257.0555,100.75926, ,1438.1666,104.0, ,692.93475,104.304344, ,1406.22,176.22, ,454.14517,166.98387, ,1161.5,206.7, ,1073.3108,242.17567, ,1157.3182,271.22726, ,1020.38574,288.75714, ,558.6667,520.06665, ,317.4516,549.9355, ,1041.7985,725.05225, ,810.5357,720.3929, ,1140.7,919.1667, ,771.1905,242.69048, ,502.40323,444.37097, ,665.88464,199.57692, ,837.5732,207.32927, ,1016.63513,359.47296, ,440.4643,505.7857, ,476.5,625.1786, ,1309.125,994.3125, ,981.2593,407.01852, ,1294.9642,356.14285, ,1249.5,375.5, ,744.8889,976.2778, , , , , , , , , , , , , , , , , , , , , , , , , , , , , , , , , , , , , , , , , , , 
35,796.44446,88.611115, ,106.86364,95.13636, ,1257.0555,100.5, ,1438.3,103.5, ,692.45557,106.85555, ,1402.7609,174.10869, ,457.0,169.0, ,1161.0,206.0, ,1068.0862,240.94827, ,1153.4429,273.84286, ,1026.3286,291.44287, ,554.63336,519.0333, ,322.42157,546.0686, ,1040.8135,724.9179, ,811.53125,715.78125, ,1135.85,914.1, ,770.93243,241.93243, ,503.08823,436.58823, ,667.6111,198.05556, ,837.7708,211.66667, ,1009.5,358.83334, ,447.53705,500.87036, ,471.125,626.5, ,1310.0,992.0, ,982.2206,408.14706, ,1289.7222,357.16666, ,1248.8334,368.63333, ,743.0,974.2, , , , , , , , , , , , , , , , , , , , , , , , , , , , , , , , , , , , , , , , , , , 
36,797.0714,87.7381, ,106.7,95.5, ,1257.18,100.74, ,1438.1154,104.11539, ,690.5,106.704544, ,1399.0,174.38461, ,460.0,172.61765, ,1161.3334,206.66667, ,1068.8636,238.25757, ,1151.5,275.58334, ,1026.579,286.6579, ,555.6667,513.93335, ,321.48245,545.1491, ,1040.3813,718.04236, ,814.7069,719.2586, ,1131.4131,910.23914, ,772.0161,244.14516, ,496.85483,438.2742, ,667.91174,198.61765, ,830.76086,210.15218, ,1011.9,356.125, ,447.98148,504.3889, ,473.94,624.42, ,1309.5834,984.6667, ,979.8214,409.01785, ,1283.7,354.3, ,1255.2667,371.63333, ,747.44116,973.14703, , , , , , , , , , , , , , , , , , , , , , , , , , , , , , , , , , , , , , , , , , , 
37,797.2778,88.05556, ,106.5,94.78571, ,1256.4667,100.566666, ,1438.0,103.5, ,689.65216,106.695656, ,1397.5834,172.58333, ,456.27777,175.19444, ,1161.625,206.625, ,1074.2273,242.56061, ,1152.2941,277.05884, ,1026.859,282.78204, ,557.96875,514.84375, ,320.05356,546.5893, ,1040.7742,714.9032, ,817.5769,725.96155, ,1136.8334,910.3095, ,771.6667,242.0625, ,495.28125,436.53125, ,667.6111,198.61111, ,830.6087,201.89131, ,1008.3108,348.52704, ,452.43103,499.8793, ,476.0,623.88464, ,1310.2142,982.1429, ,980.375,402.4375, ,1283.2333,350.0, ,1252.375,370.5, ,744.0,977.5, ,1426.9,678.9, , , , , , , , , , , , , , , , , , , , , , , , , , , , , , , , , , , , , , , , 
38,796.35,88.2, ,106.35714,95.21429, ,1256.7188,100.34375, ,1438.3182,103.681816, ,690.8023,105.80232, ,1396.9783,176.10869, ,456.0,174.36111, ,1161.2142,206.5, ,1073.9375,239.8125, ,1152.5,278.4394, ,1024.5,286.75, ,557.0,512.0, ,319.7,541.0, ,1041.4104,713.63434, ,819.0926,717.7593, ,1138.58,916.74, ,772.2091,242.1909, ,498.14517,439.6613, ,667.3182,197.77272, ,833.7174,201.15218, ,1013.9167,349.1389, ,449.13333,499.13333, ,478.26923,623.1923, ,1313.5714,976.7143, ,986.5164,405.58197, ,1289.1296,347.12964, ,1257.8529,369.08823, ,742.4048,976.9762, ,1431.0454,678.6818, , , , , , , , , , , , , , , , , , , , , , , , , , , , , , , , , , , , , , , , 
39,795.9583,88.333336, ,106.86364,95.40909, ,1256.8334,100.8, ,1438.0,104.0, ,692.5,99.67778, ,1399.94,178.42, ,455.4,175.025, ,1160.9546,206.86363, ,1071.3636,233.54546, ,1152.4143,276.35715, ,1030.6945,292.94446, ,554.0806,511.30646, ,324.65152,540.7727, ,1042.3948,710.3947, ,821.06,718.3, ,1141.4259,918.05554, ,771.6905,243.11905, ,496.6,438.16666, ,667.125,199.25, ,829.87256,210.12746, ,1012.63513,349.74326, ,451.5,501.18967, ,480.5,621.5, ,1314.875,982.6875, ,984.7619,406.16666, ,1292.8438,347.71875, ,1259.9667,376.4, ,741.3571,979.7857, ,1430.5,676.5, ,1206.5,357.69354, , , , , , , , , , , , , , , , , , , , , , , , , , , , , , , , , , , , , 
40,796.3947,88.23684,*,106.5,94.833336, ,1256.2858,100.07143, ,1438.1364,103.40909, ,687.2727,95.36364, ,1391.94,178.7, ,457.20587,176.47058, ,1161.2,206.1, ,1066.4259,228.83333, ,1147.7222,274.0,*,1030.2188,293.9375, ,553.1129,507.75806, ,322.84885,534.9651, ,1042.5834,707.5238, ,819.6786,719.2857, ,1142.3334,915.6667, ,771.9,242.63333, ,489.125,433.65625, ,666.2692,197.88461, ,831.58,213.38, ,1010.45123,352.7439, ,446.7143,501.0, ,483.46295,622.87036, ,1311.0,980.5, ,988.2941,408.10294, ,1293.4,344.5, ,1260.8103,376.2931, ,749.7941,980.3823, ,1425.5,670.5, ,1206.5,356.1875, , , , , , , , , , , , , , , , , , , , , , , , , , , , , , , , , , , , , 
41,797.7083,87.666664, ,106.75,95.166664, ,1257.0555,100.796295, ,1438.3182,103.954544, ,686.36664,94.388885, ,1391.4166,181.375, ,457.66666,179.02777, ,1161.3,206.6, ,1075.0358,224.67857, ,1142.7979,272.03192,*,1029.0526,292.73685, ,555.39655,505.94827, ,319.28787,527.7121, ,1042.082,714.291, ,813.9483,721.87933, ,1146.909,908.86365, ,771.2963,242.83333, ,489.7857,436.92856, ,666.9,198.9, ,831.7245,216.5, ,1016.2895,350.1316, ,446.24075,506.98148, ,481.92307,626.6923, ,1310.75,982.0, ,989.34283,407.82858, ,1292.5322,344.30646, ,1261.0312,379.1875, ,744.5,978.14, ,1420.0,672.0, ,1214.8125,350.6875, , , , , , , , , , , , , , , , , , , , , , , , , , , , , , , , , , , , , 
42,796.6852,88.24074,*,106.375,95.375, ,1256.9546,100.63636, ,1438.1666,103.833336, ,684.2826,96.78261, ,1394.2142,179.78572, ,457.07144,184.58571, ,1161.2273,206.40909, ,1077.0483,223.91936, ,1144.8256,265.84885, ,1028.8243,294.33783, ,552.7,503.5, ,318.04166,528.875, ,1040.7836,716.2313, ,811.5,724.5, ,1144.5416,905.2083, ,772.06604,242.31133, ,484.73334,437.53333, ,666.3823,199.44118, ,829.86957,214.91304, ,1017.5,350.87143, ,440.92856,510.5357, ,484.9074,628.4259, ,1309.1111,977.0, ,984.4726,405.17123, ,1291.8055,347.47223, ,1264.5,380.17743, ,740.7222,982.3889, ,1413.4,670.55, ,1214.0518,352.43103, ,508.01724,48.517242, ,1033.5,992.0231, , , , , , , , , , , , , , , , , , , , , , , , , , , , , , , 
43,796.2222,88.111115,*,106.94444,94.833336, ,1257.55,100.6, ,1438.1666,103.611115, ,681.54346,90.58696, ,1393.3422,176.97368, ,457.6613,180.69354, ,1161.1666,206.38889, ,1079.3108,223.93243, ,1142.575,261.725, ,1028.0,294.0, ,558.13336,502.86667, ,319.13635,525.6515, ,1041.5509,715.9068, ,814.6786,721.3214, ,1141.2826,899.1957, ,771.1429,243.0, ,487.2097,432.9516, ,666.625,198.625, ,824.64,213.76, ,1011.5303,347.31818, ,444.57144,511.42856, ,482.12964,631.46295, ,1308.0,979.5, ,977.2742,404.32257, ,1286.6765,345.20587, ,1264.4656,380.77585, ,741.2368,981.0263, ,1414.5476,668.6905, ,1208.4333,355.36667, ,503.59723,53.34722, ,1033.5513,992.2564, , , , , , , , , , , , , , , , , , , , , , , , , , , , , , , 
44,795.7727,88.09091, ,106.5,95.5, ,1256.569,100.98276, ,1437.9615,104.34615, ,681.1667,88.14445, ,1394.8636,184.22728, ,455.2,187.73334, ,1161.0,206.5, ,1079.8784,223.74324, ,1144.5264,263.39474, ,1027.2297,299.5, ,554.1129,506.75806, ,317.59302,527.77905, ,1033.4104,711.8582, ,814.4286,717.3929, ,1134.5385,897.03845, ,771.2018,242.9386, ,488.125,435.40625, ,666.91174,198.20589, ,822.58,212.34, ,1012.6,340.9, ,450.26923,507.73077, ,479.5,630.5, ,1309.55,981.25, ,980.15717,404.35715, ,1284.1177,344.52942, ,1260.0927,379.57407, ,744.0,978.0, ,1417.6578,661.3421, ,1203.1471,353.08823, ,506.23334,52.033333, ,1037.7727,993.3571, , , , , , , , , , , , , , , , , , , , , , , , , , , , , , , 
45,796.82,87.18, ,106.5,95.0, ,1256.9783,100.36957, ,1438.1364,103.40909, ,680.43335,87.36667, ,1399.0,180.59091, ,458.70834,188.16667, ,1160.8636,206.04546, ,1079.1511,217.7093, ,1143.2106,264.1842, ,1029.141,303.98718, ,555.9516,500.7258, ,321.83334,526.8889, ,1034.3942,711.87646, ,817.86,718.22, ,1132.4131,895.2826, ,771.2647,242.08824, ,490.7,435.06668, ,665.5,199.5, ,825.119,209.42857, ,1012.3889,350.3889, ,447.0862,506.0862, ,479.26923,628.1923, ,1307.5526,977.5526, ,976.5909,403.77274, ,1284.9688,349.75, ,1265.6072,382.60715, ,743.76666,971.23334, ,1413.3096,659.4524, ,1203.6945,353.83334, ,511.64893,57.074467, ,1042.1212,992.24243, , , , , , , , , , , , , , , , , , , , , , , , , , , , , , , 
46,796.6053,88.07895,*,106.8,95.3, ,1256.1072,100.46429, ,1438.1428,103.78571, ,683.91174,87.088234, ,1395.2826,176.63043, ,456.6,184.53334, ,1161.0,206.5, ,1076.8928,216.96428, ,1136.3572,261.7143, ,1027.7051,306.16666, ,556.30646,499.08066, ,323.43616,530.7766, ,1034.4412,711.2059, ,820.3214,723.7143, ,1138.3,895.06, ,771.3571,241.80952, ,496.5,429.5, ,666.1667,198.66667, ,823.2907,212.17442, ,1012.5,351.0, ,448.0,507.0, ,487.06,624.78, ,1300.7778,979.3333, ,977.9912,402.88596, ,1291.6936,347.2097, ,1263.34,384.9, ,746.3421,967.2895, ,1410.409,662.4091, ,1196.9634,351.84146, ,510.51724,55.706898, ,1042.8191,993.883, , , , , , , , , , , , , , , , , , , , , , , , , , , , , , , 
47,796.5,88.625, ,106.2,95.2, ,1256.5,100.388885, ,1438.3182,103.954544, ,683.5851,87.92553, ,1396.079,181.92105, ,452.40475,181.16667, ,1160.5,206.5, ,1075.9517,222.08064, ,1132.2106,260.89474, ,1027.2567,301.8784, ,552.4,501.33334, ,317.44446,530.8889, ,1033.5469,709.4531, ,823.7692,717.8077, ,1142.1086,892.413, ,772.6667,242.5238, ,500.19232,424.03845, ,665.875,199.1875, ,825.1905,211.69048, ,1003.6875,347.3125, ,446.86667,512.86664, ,489.58694,632.36957, ,1295.8684,971.2895, ,979.0263,404.5, ,1289.5312,342.40625, ,1259.591,385.31818, ,752.2273,968.36365, ,1413.2,659.4, ,1199.5541,348.66217, ,515.11816,56.336365, ,1041.8125,993.3375, ,1164.2646,264.64706, , , , , , , , , , , , , , , , , , , , , , , , , , , , 
48,796.2619,88.02381, ,106.3,95.2, ,1256.3334,100.166664, ,1438.0,103.5, ,682.68365,83.05102, ,1393.0,180.0, ,450.16666,180.30952, ,1161.1,206.1, ,1074.8636,218.04546, ,1129.6538,259.78204, ,1021.87836,304.55405, ,549.5,501.3, ,319.38235,530.1177, ,1033.8281,703.90625, ,820.3889,715.64813, ,1139.38,894.3, ,771.5816,242.7449, ,501.375,422.16666, ,667.7105,199.23685, ,824.03845,204.88461, ,1011.3889,346.16666, ,441.77585,509.1207, ,486.1,629.46, ,1292.8,969.6, ,982.1071,403.67856, ,1285.5883,341.47058, ,1262.7759,381.67242, ,744.0714,971.119, ,1413.2,661.4, ,1190.5303,349.01514, ,512.38464,56.846153, ,1043.0,988.6184, ,1162.079,263.5263, ,1104.3644,503.27966, , , , , , , , , , , , , , , , , , , , , , , , , 
49,796.0,88.5, ,106.7,95.5, ,1256.9,100.86, ,1438.1364,103.681816, ,685.2083,83.354164, ,1399.8043,179.80435, ,450.375,176.0, ,1161.375,206.375, ,1076.4412,222.41176, ,1128.8,258.7, ,1022.9286,297.90475, ,546.9483,500.0862, ,319.55554,529.69446, ,1037.5441,700.69116, ,820.7414,716.39655, ,1140.6154,892.6539, ,771.9286,242.17346, ,503.23077,427.5, ,666.8333,199.72223, ,823.36365,206.61363, ,1017.7105,350.44736, ,443.05554,504.7963, ,484.1154,627.3461, ,1294.3422,965.3421, ,978.55084,399.5, ,1290.2354,340.5, ,1264.3966,384.63794, ,739.0263,973.1842, ,1413.5476,660.6905, ,1191.0278,351.8611, ,511.75674,59.905407, ,1045.2462,989.64923, ,1165.0714,262.1857, ,1102.5441,510.04413, , , , , , , , , , , , , , , , , , , , , , , , , 
50,795.7857,88.28571, ,106.3,95.5, ,1256.8636,100.681816, ,1438.0385,103.88461, ,677.7245,85.19388, ,1400.25,175.95833, ,445.17856,174.10715, ,1161.2142,206.0, ,1080.859,219.39743, ,1131.0,264.0, ,1023.64636,293.7927, ,552.8125,500.5, ,318.90625,525.625, ,1037.238,698.7262, ,822.8913,722.0217, ,1139.7,892.94, ,772.0926,243.12962, ,503.0862,428.0862, ,667.1667,197.88889, ,818.375,200.35417, ,1016.20966,345.9516, ,444.5,499.9643, ,486.0,620.38464, ,1291.6666,962.7778, ,973.5702,396.76315, ,1290.9839,333.8871, ,1265.7,384.62, ,738.53845,967.61536, ,1412.5,659.63635, ,1187.3857,354.35715, ,516.18677,60.41566, ,1042.1198,993.5282, ,1172.0946,262.66217, ,1105.2069,507.56897, ,1019.0897,170.29488, , , , , , , , , , , , , , , , , , , , , , 
51,795.9211,87.60526, ,106.833336,94.5, ,1256.8846,100.61539, ,1438.0,103.5, ,683.18085,84.88298, ,1401.0,176.0, ,450.64285,176.21428, ,1161.1,205.9, ,1085.1,219.03334, ,1130.3,267.15, ,1031.0834,290.19446, ,553.4,498.33334, ,312.5465,524.6628, , , , ,820.6818,718.13635, ,1132.8077,887.9231, ,772.2778,241.83333, ,500.10715,435.14285, ,667.13635,198.77272, ,815.88635,196.97728, ,1012.8913,345.23914, ,441.15384,502.84616, ,488.07144,616.6786, ,1286.8,955.6, ,973.6091,395.28183, ,1291.8611,326.1389, ,1265.7963,385.05554, ,736.9286,967.881, ,1411.4565,667.8913, ,1194.0676,351.2027, ,514.9889,56.7, ,1042.3805,990.11957, ,1169.5,259.7647, ,1108.7614,504.42044, ,1021.12164,166.41891, , , , , , , , , , , , , , , , , , , , , , 
52,796.0333,88.03333, ,106.59091,95.318184, ,1256.9783,100.76087, ,1437.9166,103.75, ,679.8043,85.67391, ,1400.25,174.05, ,448.9074,181.68518, ,1160.8,206.3, , , , ,1132.7972,268.5811, ,1023.5,292.69513, ,557.0,495.20587, ,307.4737,525.9211, , , , ,814.9737,724.6579, ,1142.46,887.1, ,772.06665,242.3, ,504.60715,434.5, ,666.1818,198.95454, ,815.9375,200.3125, ,1015.3929,343.82144, ,435.3889,496.01852, ,487.94446,620.7963, ,1285.6875,956.125, ,971.4039,403.01923, ,1294.1571,326.44287, ,1270.2826,378.19565, ,741.7632,967.6053, ,1411.119,668.9762, ,1192.579,346.71054, ,514.225,49.825, ,1045.586,990.96234, ,1175.5,257.7647, ,1106.2241,505.2069, ,1024.7368,164.47368, , , , , , , , , , , , , , , , , , , , , , 
53,796.3125,88.3125, ,106.375,95.0, ,1255.9,100.1, ,1438.0,103.5, ,682.0625,87.291664, ,1401.5,167.21428, , , , ,1161.409,206.13637, , , , , , , ,1018.4762,287.14285, ,556.40625,490.46875, ,310.70587,523.1177, , , , ,813.95,719.1, ,1147.7307,885.0769, ,772.04346,242.65218, ,502.16666,429.5, ,668.1,199.03334,*,818.7093,198.31395, ,1009.7973,339.6081, ,439.2037,490.27777, ,492.0,617.5, ,1285.7307,951.2692, ,973.5741,407.7963, ,1292.3182,324.5, ,1270.2037,370.05554, ,739.06525,964.413, ,1417.0,662.7, ,1191.7354,346.14706, ,517.17145,51.728573, ,1037.9681,992.9894, ,1173.1364,253.16667, ,1111.9182,500.77274, ,1020.4583,163.375, ,451.14706,170.55882, ,148.11539,303.8846, , , , , , , , , , , , , , , , 
54,796.8333,87.55556, ,106.375,95.375, ,1257.15,100.6, ,1438.0385,103.88461, ,677.04,94.1, ,1398.0834,163.75, , , , ,1160.8846,206.26923, , , , , , , ,1023.20734,287.08536, ,553.55884,489.58823, ,315.27084,525.625, , , , ,815.9,719.7, ,1150.5416,889.8333, ,772.36206,243.32759, ,497.2143,427.7857, ,667.13635,198.0,*,823.36365,195.54546, ,1012.98486,339.10605, ,441.2586,487.2931, ,487.6111,618.7963, ,1282.7142,953.1429, ,967.84546,403.42728, ,1291.5,321.125, ,1266.34,365.1, ,740.15216,964.413, ,1416.75,665.45, ,1191.1666,347.97223, ,516.05225,58.186565, ,1041.3784,990.1892, ,1173.1765,258.17648, ,1113.2222,502.22223, ,1021.6,161.45, ,450.79413,169.61765, ,147.0,310.0, , , , , , , , , , , , , , , , 
55,796.2143,88.42857, ,106.611115,95.388885, ,1256.6428,100.75, ,1437.8636,103.59091, ,676.15216,98.36957, ,1399.625,164.3125, , , , ,1161.3,206.6, , , , , , , ,1025.3334,286.61905, ,557.80304,489.89395, ,320.8684,523.0526, , , , ,811.6667,714.1667, ,1150.7,888.74, ,771.9524,243.11905, ,498.46,425.26, ,666.77905,198.56976, ,824.2111,194.94444, ,1009.2931,340.5, ,440.22,489.62, ,490.16666,614.2778, ,1285.6177,954.91174, ,971.29663,404.44916, ,1294.3788,319.22726, ,1267.1,367.03333, ,739.9,966.75, ,1418.3096,664.4524, ,1197.6143,349.01428, ,516.2931,60.068966, ,1042.9607,984.6685, ,1172.7727,256.13635, ,1114.4697,501.83334, ,1023.0,159.79411, ,449.9,171.53334, ,146.5,306.0, , , , , , , , , , , , , , , , 
56,796.7143,88.14286, ,106.35714,95.21429, ,1257.5476,100.78571, ,1438.1364,103.40909, ,670.5,100.86842, ,1402.5,164.0, , , , ,1161.1364,205.95454, , , , , , , ,1024.6282,288.47437, ,559.3485,487.37878, ,319.92105,521.0263, , , , ,810.58,714.1, ,1149.2391,888.06525, ,771.6091,242.66364, ,504.3846,427.15384, ,666.7632,198.44737, ,828.41113,189.12222, ,1002.6724,346.18967, ,435.62,492.22, ,486.58,615.7, ,1282.3823,963.08826, ,970.5357,402.8393, ,1296.5938,310.53125, ,1271.8462,362.26923, ,739.7083,968.5417, ,1416.7858,663.7857, ,1202.3572,348.47144, ,518.2027,60.635136, ,1042.384,981.2681, ,1172.803,251.71213, ,1117.7354,497.14706, ,1021.3684,161.57895, ,446.2143,168.78572, ,146.5,310.0, , , , , , , , , , , , , , , , 
57,796.14703,88.5, ,106.5,95.5, ,1257.0217,100.978264, ,1438.0834,104.25, ,672.625,101.225, ,1404.125,168.6875, , , , ,1160.5834,206.91667, , , , , , , ,1025.8158,283.76315, ,560.4,483.86667, ,319.05,523.375, , , , ,813.35,711.1, ,1146.1,886.26, ,766.46924,244.00769, , , , ,666.9074,200.09259, ,824.3511,189.03192, ,1002.5,355.0, ,439.80768,490.57693, ,478.28262,611.413, ,1283.5588,965.08826, ,971.3,406.05, ,1300.1129,316.75806, ,1272.6666,365.875, ,737.1818,966.0909, ,1416.55,665.0, ,1202.3182,349.5606, ,510.5946,62.48649, ,1042.1628,982.56976, ,1169.5,255.75, ,1116.2794,498.5, ,1029.3049,164.18292, ,443.40323,161.66129, ,153.38889,311.77777, , , , , , , , , , , , , , , , 
58,796.7,87.3, ,106.3,94.9, ,1257.4131,100.891304, ,1438.1666,103.583336, ,670.1905,100.90476, ,1407.2142,171.92857, , , , ,1161.1666,205.83333, , , , , , , ,1023.47675,285.47675, ,562.43335,482.26666, ,316.65625,521.0625, , , , ,807.4167,712.9167, ,1146.3,882.42, ,772.0333,242.7, , , , ,666.5,198.625, ,817.375,182.45833, ,1003.2941,358.70587, ,439.9074,489.57407, ,479.0,610.5, ,1283.6177,957.91174, ,966.5833,404.91666, ,1303.371,314.14517, ,1270.3214,367.17856, ,737.76086,963.8043, ,1411.738,660.119, ,1202.8684,345.28946, ,508.80884,58.308823, ,1040.675,976.8375, ,1168.2059,252.0, ,1123.037,496.18518, ,1031.7162,163.44595, ,437.77585,161.60345, ,152.26471,310.2647, , , , , , , , , , , , , , , , 
59,796.0,87.5, ,106.166664,95.388885, ,1256.98,100.42, ,1438.0454,103.681816, ,667.3723,97.15958, ,1405.75,166.95, , , , ,1160.9615,206.34616, , , , , , , ,1017.7558,291.10464, ,566.01514,480.10605, ,312.8585,516.4434, , , , ,805.96155,709.11536, ,1148.0,880.0, ,771.5833,243.04167, , , , ,667.23334,197.63333, ,815.56525,183.54347, ,1000.6081,350.47296, ,443.0862,491.05173, ,477.82,608.74, ,1282.3334,965.8333, ,967.8077,402.16666, ,1301.4678,315.75806, ,1272.5646,366.24194, ,740.3333,965.0, ,1406.591,657.4091, ,1194.8055,347.08334, ,502.625,59.6875, ,1039.079,980.8289, ,1167.3235,244.47058, ,1120.7363,491.33636, ,1030.5,164.86586, ,438.68182,161.80302, ,155.71053,311.1316, ,262.91177,68.26471, , , , , , , , , , , , , 
60,795.7273,88.40909, ,106.166664,95.388885, ,1256.8478,100.67391, ,1438.0385,103.88461, ,669.5,98.68604, ,1405.4524,168.69048, , , , ,1160.9117,206.61765, , , , , , , ,1017.2727,291.81818, ,567.3182,477.5, ,314.71875,521.4375, , , , ,804.6875,706.0625, ,1149.091,883.6818, ,772.3889,241.16667, , , , ,667.2059,198.85294, ,812.9828,182.81035, ,995.8077,357.0, ,444.0926,494.42593, ,481.5,608.7692, ,1280.5667,962.5, ,970.8509,405.8158, ,1295.75,315.0, ,1268.5,365.9643, ,741.53845,966.46155, ,1408.409,655.4091, ,1197.9445,345.05554, ,503.5606,60.545456, ,1036.4412,979.9235, ,1166.197,247.25757, ,1121.1666,491.28946, ,1031.221,164.73256, ,438.73685,166.89473, ,157.5,307.14706, ,260.98486,61.590908, , , , , , , , , , , , , 
61,796.67645,88.088234, ,106.5,94.5, ,1257.463,100.31481, ,1438.0,103.5, ,666.1889,96.12222, ,1405.2727,167.0, , , , ,1161.0625,205.625, , , , , , , ,1015.56976,288.8256, ,566.2586,473.98276, ,311.72858,520.9, , , , ,804.3,707.18, ,1149.1364,881.8182, ,771.6667,242.53703,*, , , ,666.23914,199.10869, ,814.6,180.95,*,995.36664,348.7, ,442.0926,492.42593, ,481.07144,609.3214, ,1282.25,960.5625, ,971.3837,399.98837, ,1297.803,314.5, ,1265.8103,365.05173, ,744.7917,959.375, ,1409.5,655.881, ,1197.3529,339.02942, ,499.77942,54.39706, ,1036.9324,978.1622, ,1165.9,241.75714, ,1124.7122,491.9394, ,1029.3975,163.52563, ,436.8143,167.32857, ,153.72223,303.55554, ,260.83334,62.0, , , , , , , , , , , , , 
62,795.91174,88.26471, ,106.166664,95.388885, ,1257.25,100.625, ,1438.0,104.0, ,664.45,88.675, ,1407.0,167.33333, , , , ,1160.4375,206.125, , , , , , , ,1015.6539,289.3718, ,570.79034,469.30646, ,316.08823,524.2941, , , , ,802.6111,703.8333, ,1150.0,882.0, ,772.2561,242.03659, , , , ,666.7273,199.59091, ,811.88464,182.11539, ,990.1316,343.44736, ,441.56897,496.7414, ,478.24075,603.9074, ,1279.6578,956.6579, ,972.23334,400.60666, ,1297.6714,307.44287, ,1266.3966,365.5345, ,741.42,960.94, ,1400.591,656.4091, ,1191.5,337.58334, ,498.67392,62.065216, ,1039.9706,983.44116, ,1161.9572,246.81429, ,1123.6714,489.98572, ,1027.2317,163.7683, ,432.35294,164.85294, ,152.27777,302.44446, ,256.83334,63.530304, ,338.1207,312.15518, , , , , , , , , , 
63,796.1,88.1, ,106.5,94.833336, ,1257.7174,100.54348, ,1438.1364,103.40909, , , , ,1408.0,170.0, , , , ,1161.409,206.13637, , , , , , , ,1016.2105,292.3684, ,573.53125,467.34375, ,314.27777,529.8555, , , , , , , ,1155.8914,884.45654, ,770.94446,242.46297, , , , ,666.0,199.32143, ,809.1539,176.11539, ,993.575,339.55, ,445.0926,495.42593, ,482.42593,603.3148, ,1273.8,956.65, ,969.9853,392.27942, ,1298.6333,307.03333, ,1267.1333,365.86667, ,739.8913,952.7174, ,1405.6428,655.3095, ,1191.3823,339.11765, ,499.8846,64.66923, ,1039.7131,981.84424, ,1153.7122,247.71213, ,1120.8334,486.6605, ,1030.5526,160.0, ,431.01428,159.72858, ,160.71053,302.55264, ,257.5625,59.75, ,334.14517,307.30646, , , , , , , , , , 
64,795.8333,88.03333, ,106.35714,95.21429, ,1257.4546,100.63636, ,1438.0,103.5, , , , ,1405.05,169.05, , , , ,1160.8846,206.11539, , , , , , , ,1014.4286,298.0, ,572.375,468.28125, ,310.98572,521.1286, , , , , , , ,1159.8334,880.375, ,771.81915,242.26596, , , , ,666.21875,200.4375,*,804.913,175.58696,*,991.63635,335.81818, ,444.10715,491.32144, ,486.42593,598.9074, ,1267.6428,955.5, ,970.6429,394.15714, ,1295.7122,305.37878, ,1268.5646,368.59677, ,737.9783,954.63043, ,1404.591,655.4091, ,1186.0,341.20587, ,498.34058,65.485504, ,1036.952,977.03424, ,1147.2368,243.78947, ,1120.0167,483.38333, ,1029.4487,155.6282, ,429.4189,160.95946, ,160.55263,307.1316, ,260.85483,58.30645, ,333.17856,309.07144, ,794.4091,702.5, , , , , , , 
65,795.91174,88.26471, ,106.166664,95.388885, ,1256.8462,100.42308, ,1438.1666,103.833336, , , , ,1408.1,166.6, , , , ,1161.5,206.66667, , , , , , , ,1011.4778,295.12222, ,572.629,468.82257, ,311.8,520.2, , , , , , , ,1159.3695,883.93475, ,771.86365,242.77272, , , , ,666.05884,198.47058,*,801.5,172.625,*,996.0,336.0, ,448.7143,491.14285, ,492.5345,592.5, ,1264.1842,957.2368, ,973.20667,392.82, ,1297.079,302.26315, ,1266.6111,365.01852, ,736.0,956.7727, ,1402.2273,654.5455, ,1182.3235,338.38235, ,494.08905,69.18493, ,1036.9568,979.05554, ,1148.7972,246.33784, ,1120.1129,488.24194, ,1030.9048,163.14285, ,423.8784,158.2027, ,157.3421,305.6579, ,259.1,55.833332, ,336.13333,311.4, ,793.4583,703.6667, , , , , , , 
66,796.7778,88.0, ,106.3,94.6, ,1257.0652,100.021736, ,1438.1364,103.40909, , , , ,1410.2693,168.57692, , , , ,1161.3,206.2, , , , , , , ,1011.6818,298.0, ,571.1875,471.84375, ,311.35715,515.0714, , , , , , , ,1158.8043,888.2826, ,772.0143,242.32857, , , , ,667.3481,205.5633, ,807.7619,165.9762,*,996.0238,335.8095, ,450.32144,487.2857, ,492.83334,588.2778, ,1262.5,959.8333, ,968.1829,392.84146, ,1299.7759,297.15518, ,1267.0186,364.6111, ,738.86365,956.0, ,1402.5,660.3261, ,1180.3182,336.5, ,490.9394,71.09091, ,1037.6866,977.8467, ,1149.4117,243.47058,*,1120.4193,490.08066, ,1029.9103,163.26923, ,422.74243,152.01515, ,156.72223,304.0, ,259.01614,56.403225, ,337.01724,302.1207, ,791.15,701.7, , , , , , , 
67,795.9706,87.73529, ,106.4,95.4, ,1256.9,100.4, ,1438.1666,104.0, , , , ,1408.4565,168.28261, , , , ,1160.9,206.7, , , , , , , ,1008.1667,301.72223, ,571.23334,470.73334, ,316.53705,516.0, , , , , , , ,1162.0,894.375, ,771.3333,243.11667, , , , ,666.8913,198.76086, ,804.71277,170.73404, ,995.4487,339.32053, ,441.80768,490.42307, ,494.26923,588.6539, ,1261.7778,963.8889, ,964.7381,391.4881, ,1296.0333,295.36667, ,1268.0333,357.03333, ,734.15,957.05, ,1405.2273,657.0455, ,1182.25,335.8125, ,494.13635,67.742424, ,1036.9886,978.4545, ,1149.1923,247.8077, ,1112.8833,488.86667, ,1024.1757,160.7973, ,420.5,142.70589, ,159.13158,303.9737, ,252.21875,57.40625, ,334.0,301.0, ,792.3333,700.1111, , , , , , , 
68,796.2692,88.26923, ,106.611115,95.388885, ,1257.4131,100.54348, ,1438.0454,103.681816, , , , ,1410.75,171.95, , , , ,1161.1364,206.40909, , , , , , , ,1006.2381,302.66666, ,571.125,472.21875, ,312.8143,509.1857, , , , , , , ,1158.1364,890.8182, ,771.75,242.73077, , , , ,666.63043,199.80435,*,807.883,170.5, ,996.061,336.08536, ,438.0926,492.42593, ,492.0,589.0, ,1264.8334,963.0333, ,958.0147,390.29413, ,1297.2241,292.9138, ,1266.6875,358.8125, ,734.44116,963.14703, ,1400.409,656.4091, ,1181.9242,337.95456, ,498.3889,65.27778, ,1036.9637,975.0942, ,1157.1545,249.24545, ,1112.6515,489.5, ,1027.9359,157.70512, ,423.85,142.0, ,159.26471,303.7353, ,253.26666,57.166668, ,338.65625,298.75, ,791.1,694.34, , , , , , , 
69,796.5,88.0, ,106.27778,95.05556, ,1257.1072,100.35714, ,1438.1364,103.40909, , , , ,1412.2084,173.54167, , , , ,1161.5,206.0, , , , , , , ,1007.54443,310.14444, ,567.55884,472.79413, ,313.94736,511.21054, , , , , , , ,1158.0,896.0, ,771.76416,242.55661, , , , ,670.838,198.61267,*,806.7653,171.17346, , , , ,439.8,489.96667, ,487.9074,586.94446, ,1263.079,962.3421, ,959.8387,391.2903, ,1301.875,294.75, ,1265.8103,364.81033, ,730.6053,962.0263, ,1394.4524,658.3095, ,1184.371,341.59677, ,499.1,63.838463, ,1033.1056,972.45776, ,1160.3937,246.79787, ,1115.931,491.60345, ,1032.6951,161.20732, ,424.24286,137.32857, ,159.27777,304.0, ,248.30646,56.403225, ,341.17856,300.07144, ,790.03845,690.6923, ,834.8125,41.583332, ,809.6212,357.80304, 
70,796.6579,88.6579, ,106.375,95.375, ,1257.5,100.804344, ,1438.3182,103.954544, , , , ,1414.3572,174.57143, , , , ,1160.9615,206.34616, , , , , , , ,1008.5,313.15216, ,568.55884,475.44116, ,317.2037,506.5, , , , , , , ,1155.58,897.7, ,772.1667,243.45833, , , , ,668.96155,197.8718, ,807.4545,166.79546, , , , ,438.9074,494.57407, ,487.68518,588.4259, ,1265.2,957.35, ,960.7,389.84286, ,1306.3,296.4, ,1269.7667,361.2, ,738.75,963.125, ,1391.25,655.25, ,1184.409,336.34848, ,501.1389,65.0, ,1034.0625,970.625, ,1157.8889,247.83333, ,1118.2544,494.3421, ,1033.825,164.875, ,424.1389,135.75, ,158.1842,301.3421, ,252.5,56.351852, ,335.0862,295.94827, ,792.60345,689.3276, ,834.39795,38.7449, ,818.54,359.46, 
71,796.5,87.625, ,106.388885,95.166664, ,1256.6724,100.22414, ,1438.3,103.5, , , , ,1410.2778,173.55556, , , , ,1160.7307,206.42308, , , , , , , ,1010.11365,312.93182, ,564.5323,472.1129, ,314.98276,506.7414, , , , , , , ,1157.94,902.3, ,771.14703,241.0, , , , ,668.11536,198.42308,*,806.7857,170.11224, , , , ,439.39285,488.4643, ,479.26923,591.2692, ,1261.5,951.5, ,963.74243,386.5606, ,1304.4231,297.26923, ,1268.8448,356.39655, ,738.15,966.05, ,1394.591,651.5909, ,1183.5286,341.07144, ,497.79486,68.65385, ,1035.463,972.3148, ,1157.1111,243.36111, ,1115.1666,487.95334, ,1032.5513,168.47437, ,426.95456,135.89394, ,160.76315,299.8684, ,254.67857,50.392857, ,341.0,301.5, ,795.5,693.12067, ,839.7889,40.58889, ,813.43976,356.83734, 
72,796.2647,88.02941, ,106.5,95.5, ,1257.5476,100.59524, ,1438.0454,103.681816, , , , ,1409.875,168.8125, , , , ,1160.7778,206.16667, , , , , , , ,1008.619,307.92856, ,568.28125,473.71875, ,312.62122,507.86365, , , , , , , ,1154.1333,896.86664, ,772.6389,242.77777, , , , ,663.8553,193.25,*, , , , , , ,441.6111,484.2037, ,478.6111,591.0185, ,1256.8684,950.9737, ,964.114,389.95615, ,1298.4375,301.125, ,1269.1333,353.5, ,737.3823,964.0294, ,1390.7273,654.2727, ,1185.8715,341.98572, ,500.51514,67.106064, ,1036.9674,966.5326, ,1158.1111,247.91667, ,1112.4265,487.04413, ,1031.6316,163.47368, ,418.4697,137.16667, ,159.13158,300.28946, ,254.95161,56.887096, ,343.42307,300.73077, ,801.4643,690.6071, ,842.33673,40.765305, ,815.414,354.8011, 
73,796.35,87.7, ,106.3,95.5, ,1257.1086,100.63043, ,1438.0385,103.88461, , , , ,1410.9166,172.75, , , , ,1161.0,206.78572, , , , , , , ,1011.4268,306.42682, ,570.3182,471.4394, ,311.60715,512.9286, , , , , , , ,1154.82,895.74, ,771.6556,243.16667, , , , ,663.6923,194.51282,*, , , , , , ,432.96667,484.86667, ,487.13333,593.86664, ,1254.8334,947.375, ,962.5946,388.8919, ,1299.2778,297.94446, ,1261.9138,352.84482, ,736.93475,965.587, ,1390.8462,653.8461, ,1184.1857,340.98572, ,498.85294,70.02941, ,1036.2,969.0571, ,1159.4857,251.14285,*,1113.195,494.61865, ,1031.2441,164.98837, ,419.84375,136.25, ,160.76315,299.1316, ,253.8,57.266666, ,344.9074,307.75925, ,802.2241,694.9138, ,844.8,45.42, ,819.9028,352.08334, 
74,796.2222,88.611115, ,106.86364,94.40909, ,1256.7963,99.94444, ,1438.1154,103.11539, , , , ,1412.0834,175.25, , , , ,1161.1875,205.6875, , , , , , , ,1015.0682,306.70456, ,570.43335,465.56668, ,316.36,508.68, , , , , , , ,1155.7,896.38, ,772.19446,241.58333, , , , ,667.55884,199.38235,*, , , , , , ,436.05173,481.81033, ,491.98148,592.3889, ,1251.2826,942.587, ,962.15674,388.78357, ,1292.3387,291.9516, ,1263.242,351.85483, ,737.0,962.5, ,1384.5834,656.4167, ,1184.591,341.16666, ,499.29413,69.867645, ,1036.5333,967.43335, ,1163.3518,253.33951, ,1107.9912,491.8684, ,1028.8784,164.74324, ,418.5,137.46774, ,156.75,296.45, ,252.30646,60.403225, ,338.82144,303.17856, ,794.3929,690.7857, ,844.025,45.625, ,822.68604,350.0814, 
75,796.6875,88.3125, ,106.86364,95.40909, ,1256.1897,100.32758, ,1438.3462,103.96154, , , , ,1407.6333,173.1, , , , ,1161.0,206.91667, , , , , , , ,1014.6591,304.0909, ,565.4091,463.34848, ,317.5625,505.625, , , , , , , ,1154.7916,895.0833, ,771.73334,244.43333, , , , ,667.2143,200.30952, , , , , , , ,436.7,477.66666, , , , ,1251.5,947.7105, ,962.2636,387.6091, , , , ,1265.1552,351.60345, ,735.2619,961.6429, ,1378.54,658.3, ,1189.1857,339.41428, ,494.43588,71.03846, ,1037.9872,970.6539, ,1161.9286,256.87143,*,1111.7794,494.08823, ,1033.3334,161.77777, ,419.41177,139.29411, ,164.55263,292.55264, ,255.01613,58.758064, ,346.0,303.5, ,791.8333,692.93335, ,843.84784,44.02174,*,822.0806,351.0269, 
76,796.9211,87.60526, ,106.5,95.5, ,1256.7069,100.63793, ,1438.2693,103.73077, , , , ,1408.3422,172.6579, , , , ,1160.9286,206.28572, , , , , , , ,1016.05554,302.96667, ,566.85297,459.44116, ,319.6,503.6, , , , , , , ,1148.8334,890.6852, ,771.91174,242.04903, , , , ,667.0789,198.23685,*, , , , , , ,440.1154,485.34616, , , , ,1251.5,946.5, ,966.36206,389.39655, , , , ,1260.5,349.9643, ,735.125,962.5417, ,1382.8846,659.3461, ,1181.421,338.10526, ,495.34482,75.01724, ,1039.25,967.3906, ,1162.7903,254.20967, ,1110.1545,489.73636, ,1038.2742,167.66129, ,422.69354,140.59677, ,157.38235,292.91177, ,255.31482,58.75926, ,349.0926,303.42593, ,796.1071,692.1786,*,835.4459,44.824326,*,830.7987,354.52597, 
77,796.91174,87.617645, ,106.625,94.625, ,1257.4259,100.05556, ,1438.1364,103.40909, , , , ,1406.7916,171.45833, , , , ,1161.0,206.0, , , , , , , ,1019.23334,300.32224, ,567.1486,452.85135, ,318.38,501.62, , , , , , , ,1142.82,890.1, ,771.4737,241.8421, , , , ,666.8571,198.57143, , , , , , , ,435.30768,484.69232, , , , ,1251.0,948.0, ,966.3421,384.16666, , , , ,1263.8226,346.8871, ,735.3261,959.76086, ,1378.409,659.4091, ,1178.6316,331.0, ,500.2846,73.96154, ,1040.0405,968.17566, ,1169.2878,258.07574, ,1104.9648,494.89438, ,1039.0625,170.84375, ,425.58823,141.76471, ,158.45,286.6, ,250.69354,59.596775, ,349.9138,301.94827, ,796.2586,687.60345, ,832.1667,41.61111,*,825.7771,351.68073, 
78,796.2857,88.28571, ,106.8,95.3, ,1257.0,100.69231, ,1438.1666,103.833336, , , , ,1408.5952,165.64285, , , , ,1161.1875,206.375, , , , , , , ,1015.9545,293.13635, ,564.8143,451.32858, ,318.64584,503.66666, , , , , , , ,1141.1666,886.625, ,771.62,243.12,*, , , ,667.11536,199.1923, , , , , , , ,429.72223,479.46295, , , , ,1253.5,948.7917, ,972.7714,380.17142, , , , ,1261.3334,340.9, ,735.6667,964.0, ,1377.38,656.78, ,1178.0714,327.35715, ,499.5164,71.7623, ,1036.4578,969.0493, ,1168.5,261.7647, ,1108.3256,493.2093, ,1042.0807,177.08064, ,425.19446,137.77777, ,160.55263,286.55264, ,247.71428,57.642857, ,351.92856,295.32144, ,797.0862,682.60345, ,835.0185,41.351852,*,820.5143,350.1857, 
79,796.56665,87.1, ,106.7,94.8, ,1257.3077,100.30769, ,1438.1364,103.40909, , , , ,1408.5,165.5, , , , ,1161.3125,205.6875, , , , , , , ,1014.6842,290.3684, ,563.1667,457.4091, ,315.61667,500.45, , , , , , , ,1133.98,892.1, ,772.04285,242.87143, , , , ,665.875,196.875, , , , , , , ,426.98148,485.0926, , , , ,1254.409,943.4091, ,972.5139,372.41666, , , , ,1266.0,340.0, ,738.62,958.46, ,1375.5,650.5, ,1176.2646,318.79413, ,506.95282,74.00944, ,1031.3379,965.63513, ,1168.5834,265.875, ,1107.8379,491.71622, ,1046.125,173.5625, ,432.27142,136.78572, ,164.14706,285.02942, ,248.5,54.23077, ,350.77585,293.0862, ,797.3214,675.7857, ,837.7453,39.990566,*,823.1353,350.40588, 
80,796.44116,87.73529, ,106.5,94.833336, ,1256.431,100.32758, ,1438.1666,103.583336, , , , ,1407.2368,170.86842, , , , ,1161.1,206.2, , , , , , , ,1017.4756,290.18292, ,561.0,458.46875, ,315.46,494.58, , , , , , , ,1136.9814,895.0926, ,772.0098,242.14706, , , , ,666.7941,198.61765, , , , , , , ,432.06,487.58, , , , ,1255.5,950.5, ,973.97296,372.72974, , , , ,1270.0807,340.4355, ,735.54346,962.3261, ,1368.34,650.18, ,1176.8939,316.62122, ,504.40768,76.45385, ,1030.5125,966.25, ,1169.3966,262.39655, ,1103.6515,492.22726, ,1043.3,172.0, ,435.60526,131.76315, ,165.9,278.1, ,251.57143,55.607143, ,349.36206,288.9138, ,799.1,677.54, ,836.45917,32.84694, ,823.36316,344.14212, 
81,796.3823,88.088234, ,106.5,95.0, ,1257.34,100.62, ,1438.2693,103.73077, , , , , , , , , , ,1161.0,205.72223, , , , , , , ,1016.0263,284.78946, ,564.04285,456.1, ,312.9898,498.23468, , , , , , , ,1141.1,895.26, ,771.8077,241.9359, , , , ,666.9286,199.07143, , , , , , , ,435.7,490.38, , , , ,1259.079,950.3947, ,975.80884,365.47058, , , , ,1272.6333,344.73334, ,732.85,961.8, ,1363.0927,648.4259, ,1174.4032,314.14517, ,501.89395,76.72727, ,1030.6451,971.2258, ,1174.3572,263.85715, ,1104.6538,486.9923, ,1039.25,169.83333, ,438.92856,123.72857, ,174.1,277.9, ,256.42307,58.115383, ,344.0357,285.5, ,802.75806,678.4032, ,836.1111,36.314816, ,824.88556,343.05423, 
82,796.1667,87.7, ,106.8,95.3, ,1257.4615,100.23077, ,1438.1666,103.25, , , , , , , , , , ,1160.8889,206.05556, , , , , , , ,1019.7632,286.42105, ,564.80554,461.05554, ,311.0,500.5, , , , , , , ,1139.625,892.4583, ,772.1585,242.15854, , , , ,665.8333,198.5, , , , , , , ,440.30768,489.73077, , , , ,1254.3096,949.3571, ,974.5303,361.0606, , , , ,1274.0807,340.9516, ,735.1667,959.875, ,1366.0385,652.3461, ,1177.1389,313.5, ,501.0965,73.64035, ,1026.3441,967.9805, ,1170.9445,260.1111, ,1109.903,486.41046, ,1041.6923,176.92308, ,432.5,127.5, ,171.85715,277.2143, ,256.5,59.392857, ,349.84482,283.39655, ,800.4667,676.8333, ,832.65216,32.108696, ,818.7676,341.82394, 
83,797.1667,87.666664, ,106.625,94.625, ,1257.3182,100.72727, ,1438.0385,103.88461, , , , , , , , , , ,1160.7941,205.73529, , , , , , , , , , ,559.5,462.0, ,311.16666,495.87036, , , , , , , ,1141.0927,890.4259, ,771.5222,241.9, , , , ,666.6111,200.27777, , , , , , , ,440.0,492.20834, , , , ,1252.7273,952.2727, ,976.29486,356.43588, , , , ,1271.9546,339.28787, ,734.9783,956.63043, ,1368.0,653.0, ,1179.6389,311.19446, ,507.1316,75.04386, ,1024.2969,970.8281, ,1164.4403,255.08209,*,1107.35,485.975, ,1037.8077,176.73077, ,432.07144,129.78572, ,167.1,277.9, ,254.82143,59.92857, ,351.0862,283.94827, ,801.371,673.5645, ,832.63043,30.782608, ,819.18854,340.63113, 
84,797.3421,87.60526, ,107.0,94.7, ,1257.1072,100.35714, ,1438.3,103.5, , , , , , , , , , ,1160.9,206.23334, , , , , , , , , , ,561.0946,462.3919, ,315.91177,492.94116, , , , , , , ,1142.38,889.22, ,771.8939,243.62122, , , , ,665.9,197.7, , , , , , , ,440.85715,497.10715, , , , ,1255.079,954.3947, ,973.58105,357.13513, , , , ,1273.3125,335.8125, ,733.9783,958.63043, ,1369.0,655.2083, ,1176.8529,306.67648, ,509.17105,78.3421, ,1029.5702,970.1842, ,1159.0,254.61765, ,1111.1307,481.9, ,1045.0454,172.22728, ,434.1111,130.88889, ,164.13637,273.4091, ,259.01514,57.10606, ,347.18967,287.05173, ,803.2931,673.7414, ,833.45746,33.159573, ,817.8261,341.21738, 
85,796.44116,87.73529, ,106.833336,94.611115, ,1256.8871,99.98387, ,1438.1364,103.40909, , , , , , , , , , ,1160.9546,205.95454, , , , , , , , , , ,562.7778,463.41666, ,321.18182,489.86365, , , , , , , ,1143.0927,888.7593, ,770.5714,242.16667, , , , ,666.6539,198.5, , , , , , , ,440.9138,502.77585, , , , ,1262.85,949.1, ,973.55066,357.8671, , , , ,1272.125,336.34375, ,736.0909,959.2727, ,1375.7106,656.6053, ,1183.0758,308.16666, ,509.74527,78.179245, ,1029.454,969.9253, ,1162.0,258.25, ,1113.8281,479.51562, ,1042.5769,170.1923, ,435.31818,126.469696, ,163.375,271.0, ,259.41666,56.416668, ,348.5357,285.2143, ,807.5333,670.23334, ,829.6739,30.434782, ,815.89685,338.65872, 
86,796.2143,88.28571, ,106.833336,94.833336, ,1256.8478,100.67391, ,1438.2693,103.73077, , , , , , , , , , ,1160.6765,206.26471, , , , , , , , , , , , , , , , , , , , , , ,1140.74,889.82, ,772.05554,242.38889, , , , ,665.8333,198.66667, , , , , , , ,443.2742,503.6613, , , , ,1260.9,948.65, ,975.8452,360.64285, , , , ,1276.9138,339.94827, ,743.6818,953.0909, ,1381.5,661.3421, ,1178.5588,307.58823, ,509.73215,78.17857, ,1026.9468,966.92554, ,1154.8143,256.41428, ,1110.9263,486.2541, ,1044.3077,167.34616, ,438.17648,129.38235, ,169.94444,272.16666, ,253.30646,56.403225, ,352.17856,282.9643, ,801.8571,669.2857, ,827.3958,31.791666, ,815.0541,331.48648, 
87,796.55554,88.22222, ,106.833336,94.611115, ,1257.0,100.333336, ,1438.1666,103.583336, , , , , , , , , , ,1161.2142,206.0, , , , , , , , , , , , , , , , , , , , , , ,1144.5,892.3261, ,772.7059,242.5, , , , ,667.5,198.5, , , , , , , ,440.42593,504.9074, , , , ,1260.3096,948.3571, ,974.3228,362.81647, , , , ,1272.9193,338.9516, ,746.06525,946.8913, ,1380.7778,655.8333, ,1180.3235,304.38235, ,508.77274,75.068184, ,1024.2882,962.75885, ,1159.8889,253.63889, ,1106.304,482.63727, ,1046.591,170.40909, ,434.64285,127.7, ,168.25,270.08334, ,254.05882,52.67647, ,353.84375,276.4375, ,807.7,664.3333, ,824.125,34.675, ,811.8871,333.6613, 
88,796.6539,87.96154, ,107.0,94.7, ,1257.362,100.18965, ,1438.1364,103.40909, , , , , , , , , , ,1161.5,205.83333, , , , , , , , , , , , , , , , , , , , , , ,1144.86,891.46, ,769.96155,241.1923, , , , , , , , , , , , , ,439.2143,503.17856, , , , , , , ,978.68665,359.39334, , , , ,1274.0667,340.33334, ,747.6818,946.0455, ,1374.4166,659.1667, ,1179.3108,302.33783, ,511.0,73.96774, ,1017.76416,962.9151, ,1164.221,253.96512, ,1106.6774,486.03226, ,1047.45,163.2, ,431.1129,125.758064, ,168.16667,266.83334, ,253.38889,49.75, ,351.6154,278.84616, ,807.63794,662.6724, ,822.2027,36.932434, ,808.9737,334.5, 
89,796.875,88.75, ,106.86364,95.40909, ,1257.6364,100.77273, ,1438.1364,103.40909, , , , , , , , , , ,1161.0,206.83333, , , , , , , , , , , , , , , , , , , , , , ,1142.9615,889.1539, ,772.2018,242.74562,*, , , , , , , , , , , , ,443.6875,499.28125, , , , , , , ,976.41046,358.35074, , , , ,1266.6072,343.14285, ,747.3077,941.5, ,1375.9546,658.3182, ,1187.8334,299.69446, ,517.36206,75.68965, ,1018.26117,963.5597, ,1165.7715,253.4, ,1104.9603,485.03967, ,1045.3572,166.71428, ,437.92426,131.43939, ,169.5,267.0, ,253.22223,49.333332, ,354.96667,280.73334, ,805.2241,662.9483, ,824.9773,32.863636, ,803.4722,337.6389, 
90,796.3421,87.3421, ,106.388885,94.72222, ,1257.5,100.01852, ,1438.3,103.4, , , , , , , , , , ,1161.25,205.83333, , , , , , , , , , , , , , , , , , , , , , ,1139.409,887.4091, , , , , , , , , , , , , , , , ,448.30768,499.30768, , , , , , , ,978.0246,355.33606, , , , ,1263.5667,343.16666, ,747.1957,943.2826, ,1374.8889,653.6667, ,1190.4117,293.32352, ,518.0246,70.72951, ,1023.23846,964.03845, ,1165.5883,252.63235, ,1106.2,488.05, ,1049.3158,165.55263, ,441.04053,129.28378, ,170.68182,265.04544, ,252.5,46.294117, ,348.3,278.93332, ,806.8214,660.8571, ,824.125,37.95, ,803.69116,343.20587, 
91,796.44116,87.73529, ,106.5,95.5, ,1256.34,100.42, ,1438.1364,103.40909, , , , , , , , , , ,1160.875,205.9375, , , , , , , , , , , , , , , , , , , , , , ,1141.38,880.78, , , , , , , , , , , , , , , , ,446.3846,502.46155, , , , , , , ,976.7817,356.17606, , , , ,1259.2188,339.21875, ,739.5417,944.625, ,1379.6333,655.9, ,1184.1216,292.74326, ,522.9219,67.390625, ,1020.9776,963.2015, ,1165.1857,257.58572, ,1109.7473,489.3172, ,1048.3667,168.2, ,435.20587,128.58824, ,168.1,271.9, ,255.31818,46.469696, ,348.92426,273.4394, ,807.23334,659.36664, ,830.1818,37.636364, ,802.8936,339.43616, 
92,796.5909,87.40909, ,106.833336,94.611115, ,1256.9642,100.21429, ,1438.1364,103.40909, , , , , , , , , , ,1161.25,205.83333, , , , , , , , , , , , , , , , , , , , , , ,1136.5741,876.0926, , , , , , , , , , , , , , , , ,449.15518,501.39655, , , , , , , ,976.5625,354.625, , , , ,1265.9333,339.66666, ,744.0714,944.119, ,1380.5,655.5, ,1185.3,291.58572, ,519.7381,67.25, ,1019.7157,956.2059, ,1161.6562,261.0625, ,1115.4818,487.22726, ,1050.4656,166.94827, ,435.27777,122.80556, ,163.5,271.125, ,263.1,43.785713, ,342.96667,272.2, ,808.1,658.06, ,830.6842,37.763157, ,803.3169,340.1479, 
93,796.5,87.5, ,106.625,94.625, ,1257.8334,99.958336, ,1438.1154,103.11539, , , , , , , , , , ,1161.2858,205.85715, , , , , , , , , , , , , , , , , , , , , , ,1138.2916,877.5417, , , , , , , , , , , , , , , , ,454.05173,498.81033, , , , , , , ,976.55884,352.05295, , , , ,1264.3485,334.65152, ,742.8333,945.5417, , , , ,1183.9706,288.55884, ,516.3889,73.18056, ,1015.5923,953.5, ,1163.125,261.34375, ,1115.3431,487.89215, ,1048.4,165.33333, ,432.01428,121.814285, ,161.11539,265.1154, ,261.25,40.96875, ,337.5,269.18967, ,809.1818,654.86365, ,827.5,30.0,*,801.93335,338.71667, 
94,796.1,88.1, ,106.388885,95.166664, ,1257.54,100.46, ,1438.1428,103.78571, , , , , , , , , , ,1161.409,205.86363, , , , , , , , , , , , , , , , , , , , , , ,1138.82,880.66, , , , , , , , , , , , , , , , ,453.5,502.9643, , , , , , , ,979.7763,350.5658, , , , ,1274.0518,332.43103, ,751.7174,945.8043, , , , ,1181.2297,281.68918, ,510.86066,75.696724, ,1013.4,951.0571, ,1156.0,256.20587, ,1110.3966,486.06897, ,1047.7273,160.86363, ,430.92426,128.43939, ,162.0,261.0, ,261.0625,38.21875, ,330.07144,268.4643, ,811.39655,658.81036, ,833.1087,29.652174,*,802.9194,337.14517, 
95,797.36664,87.3, ,106.7,94.8, ,1257.875,100.125, ,1438.0834,103.25, , , , , , , , , , ,1161.7307,206.26923, , , , , , , , , , , , , , , , , , , , , , ,1137.1666,882.375, , , , , , , , , , , , , , , , ,458.42856,496.14285, , , , , , , ,976.1,344.6857, , , , ,1282.0807,332.9516, ,750.6667,947.9167, , , , ,1182.7632,277.94736, ,514.1,71.61429, ,1012.57446,950.7447, ,1152.4429,254.3, ,1111.6129,483.0, ,1050.9814,155.05556, ,426.125,126.875, ,164.0,258.0, ,259.13635,30.318182, ,328.22415,264.84482, ,808.5714,657.4286, ,827.90424,28.946808, ,800.0139,329.66666, 
96,796.0333,87.833336, ,106.86364,94.681816, ,1257.1552,100.18965, ,1438.1364,103.40909, , , , , , , , , , ,1161.4286,205.64285, , , , , , , , , , , , , , , , , , , , , , ,1135.5,878.2083, , , , , , , , , , , , , , , , ,461.5,499.22415, , , , , , , ,975.7381,342.3889, , , , ,1286.7903,330.7903, ,754.5,945.0, , , , ,1184.4851,273.29105, ,517.7154,73.33077, , , , ,1153.5555,245.61111, ,1113.9333,476.96667, ,1052.5625,157.8125, ,421.3611,133.36111, ,163.32353,253.14706, ,262.05173,28.431034, ,328.0926,263.05554, ,803.60345,657.3276, ,828.86957,22.413044, ,809.6268,330.7676, 
97,796.8333,88.333336, ,106.7,95.5, ,1257.75,100.791664, ,1438.0385,103.88461, , , , , , , , , , ,1161.375,206.625, , , , , , , , , , , , , , , , , , , , , , ,1136.5,877.0, , , , , , , , , , , , , , , , ,464.32144,500.07144, , , , , , , ,971.7295,339.64755, , , , ,1285.8667,337.86667, ,750.8077,939.7308, , , , ,1184.0922,269.71054, ,517.1445,73.166664, , , , ,1150.3055,241.66667, ,1108.1666,474.2544, ,1055.5,160.32608, ,422.9,127.27143, ,160.23334,256.43332, ,260.8,29.3, ,328.77585,269.5345, ,802.5,658.5, ,833.883,27.968084, ,806.63635,328.34848, 
98,796.3889,87.5, ,106.625,94.625, ,1257.909,100.36364, ,1438.0834,103.25, , , , , , , , , , ,1161.3,206.0, , , , , , , , , , , , , , , , , , , , , , ,1135.1,875.94, , , , , , , , , , , , , , , , ,462.56897,498.05173, , , , , , , ,970.1818,337.54544, , , , ,1286.0714,342.5357, ,749.2917,936.2917, , , , ,1188.7,268.77692, ,517.6724,75.63793, , , , ,1152.5938,236.53125, ,1103.9445,471.7963, ,1057.0518,160.81035, ,422.12857,126.15714, ,151.38889,255.38889, ,263.9375,28.65625, ,321.7,263.36667, ,799.3214,650.8929, ,829.13043,24.73913, ,801.0397,323.3095, 
99,796.3,88.23333,*,106.611115,95.388885, ,1257.7858,100.833336, ,1438.1666,103.833336, , , , , , , , , , ,1161.0385,206.1923, , , , , , , , , , , , , , , , , , , , , , ,1137.5,874.0, , , , , , , , , , , , , , , , ,462.06668,505.7, , , , , , , ,969.7121,333.5303, , , , ,1279.8871,335.75806, ,750.74,939.82, , , , ,1185.5875,269.3125, ,515.71313,77.45082, , , , ,1150.7894,231.76315, ,1100.9912,472.88596, ,1056.7084,163.0, ,422.58572,126.7, ,154.38889,252.55556, ,262.98486,31.59091, ,318.77585,258.81033, ,796.5345,654.2931, ,827.3222,26.7, ,799.61865,317.21185, 
100,796.7308,88.11539, ,106.5,94.833336, ,1257.5476,100.21429, ,1438.1364,103.40909, , , , , , , , , , ,1161.6,206.6, , , , , , , , , , , , , , , , , , , , , , ,1134.5,872.6739, , , , , , , , , , , , , , , , , , , , , , , , , ,971.22,336.99335, , , , ,1281.0312,328.9375, ,752.2826,936.63043, , , , ,1185.0714,266.2143, ,517.3305,71.194916, , , , ,1151.2567,230.22974, ,1098.5646,472.80646, ,1058.6111,163.64815, ,420.11765,129.0, ,154.5,248.0, ,260.0625,33.6875, ,314.32144,260.25, ,793.24194,645.20966, ,825.883,29.095745, ,798.8019,313.16037, 
101,796.3333,87.22222, ,107.0,94.5, ,1257.5,100.02, ,1438.1364,103.40909, , , , , , , , , , ,1161.3182,205.59091, , , , , , , , , , , , , , , , , , , , , , ,1133.0,867.7143, , , , , , , , , , , , , , , , , , , , , , , , , ,970.4101,331.24158, , , , ,1276.1875,324.6875, ,756.5417,935.625, , , , ,1187.0116,265.10464, ,518.0873,70.166664, , , , ,1152.8948,230.8421, ,1095.5483,468.75806, , , , ,418.14706,127.55882, ,152.0,246.0, ,258.13635,29.318182, ,315.54,258.74, ,789.1129,645.75806, ,820.8333,31.744444, ,795.46875,311.625, 
102,797.1842,87.552635, ,106.375,95.375, ,1257.25,100.666664, ,1438.2693,103.73077, , , , , , , , , , ,1161.3182,206.40909, , , , , , , , , , , , , , , , , , , , , , ,1136.9073,866.6852, , , , , , , , , , , , , , , , , , , , , , , , , ,973.0738,336.0082, , , , ,1276.2742,321.98386, ,762.3333,934.9167, , , , ,1188.5,262.1, ,510.76532,67.9898, , , , ,1160.0405,230.90541, ,1092.58,467.84, , , , ,415.52777,125.916664, ,153.38235,243.02942, ,261.13333,29.233334, ,319.82144,252.85715, ,790.0517,650.81036, ,816.9762,35.761906, ,792.8016,316.6111, 
103,796.3,87.7, ,106.5,95.125, ,1257.9584,100.25, ,1438.1364,103.40909, , , , , , , , , , ,1161.5,206.16667, , , , , , , , , , , , , , , , , , , , , , ,1137.6305,870.63043, , , , , , , , , , , , , , , , , , , , , , , , , ,969.99207,336.16666, , , , ,1280.0,321.0, ,757.93475,934.587, , , , ,1184.025,265.825,*,510.8908,68.36207, , , , ,1156.2106,231.02632, ,1090.3474,467.3305, , , , ,415.47058,122.617645, ,151.5625,242.625, ,257.41306,23.891304, ,318.0926,244.98148, ,793.2692,652.1923, ,820.0789,31.5, ,798.1,315.78333, 
104,796.4474,87.710526, ,107.05556,94.833336, ,1257.3636,100.13636, ,1438.1364,103.40909, , , , , , , , , , ,1161.4166,205.75, , , , , , , , , , , , , , , , , , , , , , ,1139.2826,870.587, , , , , , , , , , , , , , , , , , , , , , , , , ,971.11194,333.58954, , , , ,1280.8549,320.59677, ,757.15216,934.84784, , , , ,1185.0428,265.47144, ,509.08667,68.92667, , , , ,1157.421,231.78947, ,1086.6094,469.46875, , , , , , , ,148.55,249.25, ,261.6111,22.277779, ,321.54166,240.625, ,792.0357,653.8571, ,817.0,29.5,*,794.0797,317.22464, 
105,796.2778,87.388885, ,106.7,95.4, ,1257.5385,100.30769, ,1438.1666,103.611115, , , , , , , , , , ,1161.5769,205.96153, , , , , , , , , , , , , , , , , , , , , , ,1141.0,866.5, , , , , , , , , , , , , , , , , , , , , , , , , ,976.7381,332.37302, , , , ,1279.6515,321.28787, ,758.2917,929.2917, , , , ,1190.5714,273.08572,*, , , , , , ,1152.5588,223.41176, ,1081.2377,468.90985, , , , , , , ,149.38235,253.91176, ,257.35715,16.964285, ,322.18967,244.46552, ,797.1429,650.7857, ,817.2143,31.5,*,793.7472,320.80338, 
106,796.5,87.5, ,106.625,94.625, ,1256.38,99.58, ,1438.3,103.5, , , , , , , , , , ,1161.5,205.43333, , , , , , , , , , , , , , , , , , , , , , ,1142.14,866.3, , , , , , , , , , , , , , , , , , , , , , , , , ,977.9559,331.05884, , , , ,1274.9193,321.9516, ,757.76086,923.9783, , , , ,1192.8699,271.56848, , , , , , , ,1154.7285,218.47144, ,1080.0714,466.1, , , , , , , ,146.61111,248.22223, ,259.34616,22.038462, ,316.45834,241.375, ,796.0,648.8333, ,818.9231,30.576923,*,796.0789,322.7807, 
107,797.1842,88.6579, ,106.375,95.0, ,1256.9615,100.34615, ,1438.3,103.5, , , , , , , , , , ,1161.4166,206.08333, , , , , , , , , , , , , , , , , , , , , , ,1139.58,864.26, , , , , , , , , , , , , , , , , , , , , , , , , ,980.36957,326.77536, , , , ,1273.0807,323.9516, ,757.7273,929.7727, , , , ,1190.242,270.46774, , , , , , , ,1148.0526,216.47368, ,1080.5728,466.19092, , , , , , , ,138.91176,248.38235, ,258.46295,21.87037, ,311.62,239.18, ,794.3214,654.0714, ,816.85,35.275,*,796.9237,316.97458, 
108,796.5,88.11539, ,106.7,94.8, ,1257.6428,100.690475, ,1438.1364,103.40909, , , , , , , , , , ,1161.3182,205.77272, , , , , , , , , , , , , , , , , , , , , , ,1136.0,863.2273, , , , , , , , , , , , , , , , , , , , , , , , , ,975.60345,322.39655, , , , ,1277.0,326.0, ,753.9583,927.125, , , , ,1185.1882,268.55377, , , , , , , ,1141.2778,212.33333, ,1086.0593,465.39832, , , , , , , ,143.25,246.55, ,256.0357,18.571428, ,309.54,231.74, ,792.1129,648.75806, ,815.7727,38.0, ,803.2308,317.73077, 
109,796.94446,86.611115, ,106.5,95.0, ,1257.4584,100.208336, ,1438.3,103.5, , , , , , , , , , ,1161.5,206.5, , , , , , , , , , , , , , , , , , , , , , ,1136.0416,857.7917, , , , , , , , , , , , , , , , , , , , , , , , , ,976.2971,322.28262, , , , ,1273.5,324.5, ,758.3077,925.61536, , , , ,1184.4166,274.52777,*, , , , , , ,1137.75,211.86111, ,1092.2693,464.80768, , , , , , , ,141.25,245.55, ,247.61111,21.277779, ,314.67648,228.73529, ,786.9194,654.9516, ,817.2778,36.203705, ,800.72,315.16, 
110,796.6177,87.911766, ,106.5,95.5, ,1257.5834,100.791664, ,1438.0454,103.681816, , , , , , , , , , ,1161.0,206.3, , , , , , , , , , , , , , , , , , , , , , ,1129.42,860.7, , , , , , , , , , , , , , , , , , , , , , , , , ,974.74615,317.05383, , , , ,1271.1875,321.9375, ,758.5,925.0, , , , ,1184.7703,271.6081, , , , , , , ,1141.7727,217.59091, ,1096.2544,467.72806, , , , , , , ,144.45,242.6, ,244.5,20.5, ,317.54166,226.20833, ,788.8,656.2, ,815.6951,40.59756,*,802.7321,313.19644, 
111,797.2059,87.20588, ,107.0,94.5, ,1257.6428,99.833336, ,1438.1364,103.40909, , , , , , , , , , ,1161.5,206.7, , , , , , , , , , , , , , , , , , , , , , ,1124.34,859.82, , , , , , , , , , , , , , , , , , , , , , , , , ,972.9844,310.73438, , , , ,1276.7222,327.33334, ,756.9167,928.375, , , , ,1183.1857,267.64285,*, , , , , , ,1136.1364,220.16667, , , , , , , , , , ,150.0,249.0, ,249.86667,17.766666, ,321.7,230.8, ,791.86664,651.5, ,814.67145,31.328571, ,801.9151,309.3113, 
112,795.5909,87.86364, ,106.27778,95.05556, ,1257.2241,100.086205, ,1438.1666,103.583336, , , , , , , , , , ,1161.3889,206.16667, , , , , , , , , , , , , , , , , , , , , , ,1120.38,863.22, , , , , , , , , , , , , , , , , , , , , , , , , ,972.40625,312.1875, , , , ,1276.9,325.66666, ,753.42,926.94, , , , ,1184.4706,266.7353,*, , , , , , ,1134.6714,218.47144, , , , , , , , , , ,147.55556,250.33333, ,248.98387,22.241936, ,324.6905,226.54762, ,789.6786,654.6429, ,810.3158,28.894737, ,803.9,308.64545, 
113,796.11536,88.42308, ,106.7,95.5, ,1257.0,100.69231, ,1438.3182,103.954544, , , , , , , , , , ,1161.1364,206.31818, , , , , , , , , , , , , , , , , , , , , , ,1120.625,865.8333, , , , , , , , , , , , , , , , , , , , , , , , , ,973.85596,312.68643, , , , ,1280.8667,328.86667, ,751.26,926.06, , , , ,1183.6282,265.6282, , , , , , , ,1134.7727,216.13637, , , , , , , , , , ,149.61111,247.61111, ,249.95161,20.564516, ,323.0862,224.08621, ,788.2,654.8, ,805.6556,31.922222, ,810.7222,303.53705, 
114,796.8125,87.375, ,107.05556,94.611115, ,1256.9,100.02, ,1438.3,103.5, , , , , , , , , , ,1161.0385,205.8077, , , , , , , , , , , , , , , , , , , , , , ,1115.6538,868.03845, , , , , , , , , , , , , , , , , , , , , , , , , ,972.0,310.68967, , , , ,1283.7142,333.0, ,746.82,923.14, , , , ,1187.0853,259.15854,*, , , , , , ,1141.2576,222.13637, , , , , , , , , , ,145.16667,244.38889, ,250.4,21.433332, ,323.60715,223.53572, ,787.75806,649.1129, ,806.22095,36.15116, ,806.01666,299.56668, 
115,796.0,87.6875, ,106.5,95.0, ,1257.5769,100.23077, ,1438.5,103.7, , , , , , , , , , ,1160.7,206.0, , , , , , , , , , , , , , , , , , , , , , ,1116.4231,867.4231, , , , , , , , , , , , , , , , , , , , , , , , , ,971.66394,306.33606, , , , ,1283.0518,333.0862, ,749.0,918.5, , , , ,1185.5834,252.33333, , , , , , , ,1139.3235,225.5, , , , , , , , , , ,142.22223,244.33333, ,249.9,19.233334, ,323.93332,220.76666, ,780.2143,645.8929, ,803.5625,35.333332, ,803.8889,296.18518, 
116,796.88464,88.11539, ,106.611115,95.388885, ,1257.25,100.666664, ,1438.1666,103.611115, , , , , , , , , , ,1161.1,205.3, , , , , , , , , , , , , , , , , , , , , , ,1120.54,863.1, , , , , , , , , , , , , , , , , , , , , , , , , ,970.12067,306.4655, , , , ,1284.5,329.6154, ,753.42,915.94, , , , ,1185.6904,254.5, , , , , , , ,1138.8235,218.67647, , , , , , , , , , ,144.9,246.83333, ,251.26,13.74, ,324.06668,216.6, ,776.39655,638.84485, ,802.9286,36.438774, ,800.10785,301.0098, 
117,796.0,87.6875, ,106.625,94.625, ,1257.8529,100.32353, ,1438.1364,103.40909, , , , , , , , , , ,1161.5,206.0, , , , , , , , , , , , , , , , , , , , , , ,1115.8077,864.9231, , , , , , , , , , , , , , , , , , , , , , , , , ,969.0484,303.4355, , , , ,1279.9375,337.1875, ,761.0833,916.75, , , , ,1186.1757,258.71622,*, , , , , , ,1139.8143,218.95714, , , , , , , , , , ,148.08824,251.61765, ,253.0,11.5, ,327.58,216.34, ,777.86664,637.86664, ,793.3,37.655556, ,797.89215,298.02942, 
118,796.8571,87.78571, ,106.86364,95.13636, ,1257.0,100.681816, ,1438.3182,103.681816, , , , , , , , , , ,1160.9286,206.78572, , , , , , , , , , , , , , , , , , , , , , ,1121.3214,870.8929, , , , , , , , , , , , , , , , , , , , , , , , , ,968.1667,298.0, , , , ,1282.9,335.06668, ,759.3214,918.6071, , , , ,1183.6389,253.30556,*, , , , , , ,1141.4524,221.14285, , , , , , , , , , ,149.7,249.16667, ,247.14,11.18, ,326.45834,217.375, ,780.0517,634.0862, ,791.74,40.26, ,801.82074,292.25473, 
119,795.9167,88.25, ,106.833336,94.5, ,1257.674,100.41304, ,1438.3,103.5, , , , , , , , , , ,1161.5,206.0, , , , , , , , , , , , , , , , , , , , , , ,1117.34,868.42, , , , , , , , , , , , , , , , , , , , , , , , , ,972.76086,291.30435, , , , ,1283.1333,331.86667, , , , , , , ,1178.1216,258.01352, , , , , , , ,1137.7307,212.52563, , , , , , , , , , ,146.97058,244.61765, ,250.5,6.392857, ,324.9,214.53334, ,777.3,629.0333, ,792.951,37.931374, ,806.13464,294.53845, 
120,796.6579,87.6579, ,106.2,95.2, ,1256.9615,100.42308, ,1438.1666,103.583336, , , , , , , , , , ,1161.25,205.58333, , , , , , , , , , , , , , , , , , , , , , ,1111.25,863.4167, , , , , , , , , , , , , , , , , , , , , , , , , ,970.46826,293.86508, , , , ,1286.7759,332.0862, , , , , , , ,1180.5286,263.44287, , , , , , , ,1141.725,207.425, , , , , , , , , , , , , ,254.0,2.5, ,329.1,213.06, ,769.0517,629.431, ,784.598,39.558823, ,803.42725,291.22726, 
